Mack,Jennifer,4529 Washington Avenue,601-984-8956,JenniferCMack@trashymail.com
Page,Alexandra,4225 Fairfield Road,262-719-2315,AlexandraMPage@mailinator.com
Mitchell,Angela,3958 Village View Drive,239-982-3592,AngelaDMitchell@pookmail.com
Churchill,Carol,571 Langtown Road,567-336-7827,CarolMChurchill@trashymail.com
Wharton,Michelle,422 Lady Bug Drive,718-973-6179,MichelleRWharton@pookmail.com
Rowell,Richard,3763 Courtright Street,701-490-5811,RichardMRowell@mailinator.com
Gilbreath,Alton,3487 Stonecoal Road,419-591-4022,AltonCGilbreath@dodgit.com
McMahan,Guillermo,3140 Marigold Lane,305-434-0514,GuillermoCMcMahan@mailinator.com
Person,Elizabeth,1169 Chicago Avenue,559-619-1002,ElizabethBPerson@spambob.com
Luoma,Karen,4100 Flynn Street,440-858-1754,KarenHLuoma@pookmail.com
Brink,James,428 Beechwood Avenue,908-799-9076,JamesCBrink@dodgit.com
Rodriguez,Louise,3911 Oral Lake Road,952-470-7800,LouiseJRodriguez@pookmail.com
Ramirez,Mari,1798 Lewis Street,630-872-4174,MariARamirez@dodgit.com
McCabe,Ellen,1256 George Street,352-416-7434,EllenJMcCabe@dodgit.com
Landrum,William,2518 Ridenour Street,786-229-5397,WilliamCLandrum@pookmail.com
Calvin,Terry,430 Benedum Drive,845-383-5368,TerryACalvin@spambob.com
Daulton,Kristopher,585 Geneva Street,917-475-4578,KristopherMDaulton@pookmail.com
Lewis,Terrence,120 Rowes Lane,270-638-4438,TerrenceALewis@trashymail.com
Merriman,Christopher,848 Horner Street,330-921-2642,ChristopherWMerriman@mailinator.com
Newman,Muriel,4491 Commerce Boulevard,402-620-5080,MurielRNewman@mailinator.com
Hadley,Irene,4256 Despard Street,404-758-8013,IreneAHadley@dodgit.com
Culver,Walter,4216 Hilltop Drive,806-355-9819,WalterHCulver@mailinator.com
Guinn,Clinton,1664 White Pine Lane,540-599-0749,ClintonJGuinn@pookmail.com
Barns,Graciela,3384 White Lane,478-932-1531,GracielaNBarns@trashymail.com
Swain,George,2817 Tecumsah Lane,318-870-2358,GeorgeKSwain@trashymail.com
Meredith,Joyce,3176 Cemetery Street,831-732-2387,JoyceMMeredith@trashymail.com
Allen,Cynthia,1904 Lyndon Street,610-672-6916,CynthiaWAllen@mailinator.com
Augustine,Thomas,115 Hillview Drive,707-240-4424,ThomasMAugustine@dodgit.com
Flynt,William,4989 Earnhardt Drive,502-778-0193,WilliamFFlynt@dodgit.com
Albrecht,Reginald,2063 Lang Avenue,435-790-9373,ReginaldTAlbrecht@mailinator.com
Stocker,Dudley,4534 Stoneybrook Road,321-640-6499,DudleySStocker@mailinator.com
Hairston,Keith,1971 Burwell Heights Road,409-659-0369,KeithSHairston@spambob.com
Llanes,Louis,3196 Simpson Square,580-595-0154,LouisNLlanes@mailinator.com
Stewart,Amelia,377 Alpha Avenue,903-977-0890,AmeliaRStewart@mailinator.com
Salinas,Elva,4111 Monroe Street,713-459-0989,ElvaGSalinas@dodgit.com
Collins,Matthew,2172 Black Oak Hollow Road,408-776-0590,MatthewTCollins@dodgit.com
Swanson,Jessica,1711 Hart Ridge Road,989-269-7842,JessicaJSwanson@pookmail.com
Sabo,Diana,313 Pearcy Avenue,262-247-2338,DianaLSabo@pookmail.com
McGrath,Brenda,3441 Havanna Street,336-375-0184,BrendaTMcGrath@dodgit.com
Cooper,Cora,1079 Walt Nuzum Farm Road,585-419-8851,CoraRCooper@spambob.com
Nicholas,Daniel,3787 Woodland Avenue,985-531-5576,DanielANicholas@mailinator.com
Barrientos,Edna,4369 Tetrick Road,863-301-1026,EdnaTBarrientos@trashymail.com
Fitzgerald,Jennifer,2512 Pin Oak Drive,563-263-5988,JenniferSFitzgerald@pookmail.com
Eccleston,Jamison,3951 Memory Lane,815-955-3427,JamisonNEccleston@trashymail.com
Costello,Alicia,2864 Settlers Lane,917-823-1958,AliciaCCostello@trashymail.com
Neville,Kevin,58 Hill Haven Drive,254-221-1458,KevinANeville@dodgit.com
Littlejohn,Martha,3063 Rinehart Road,786-473-6008,MarthaLLittlejohn@spambob.com
Malone,Laura,1380 Davis Lane,720-350-9267,LauraEMalone@dodgit.com
Millwood,Perry,1929 Lost Creek Road,610-984-2544,PerryCMillwood@mailinator.com
Vines,Lorena,305 Hill Haven Drive,254-202-6474,LorenaWVines@pookmail.com
Goldman,Beatrice,4796 Cemetery Street,831-772-1903,BeatriceDGoldman@mailinator.com
Cromer,Daniel,440 Tipple Road,215-772-8746,DanielMCromer@trashymail.com
Brooker,Tod,3187 Harrison Street,415-507-9856,TodCBrooker@pookmail.com
Barone,Justin,801 Park Avenue,916-526-2855,JustinJBarone@spambob.com
Hoyt,Jack,4127 Hornor Avenue,918-387-5544,JackJHoyt@dodgit.com
Jones,Steven,4281 Rafe Lane,662-686-0158,StevenLJones@pookmail.com
Oaks,Bernadette,1897 Freed Drive,209-760-0352,BernadetteWOaks@trashymail.com
Montana,Linda,2073 Mandan Road,573-768-5785,LindaRMontana@dodgit.com
Pulley,Regina,367 Browning Lane,608-229-3854,ReginaDPulley@pookmail.com
Davy,Willie,4886 Petunia Way,205-741-0060,WillieDDavy@spambob.com
Painter,Manuel,373 Derek Drive,330-429-6097,ManuelKPainter@spambob.com
Hodges,Jennifer,4877 Hinkle Deegan Lake Road,607-277-0108,JenniferNHodges@pookmail.com
Begay,Ronald,616 Hudson Street,973-938-8628,RonaldDBegay@spambob.com
Kleckner,Michael,344 Vine Street,847-654-8102,MichaelKKleckner@spambob.com
Perry,Amanda,3857 Sharon Lane,573-982-3844,AmandaNPerry@mailinator.com
Levy,Andrea,517 Kimberly Way,616-856-3089,AndreaBLevy@mailinator.com
Deguzman,John,4323 Broadway Avenue,423-834-0375,JohnKDeguzman@mailinator.com
Lui,Eddie,245 Cinnamon Lane,210-785-3197,EddieDLui@spambob.com
Saldana,Pamela,1617 Maple Avenue,209-266-8505,PamelaGSaldana@trashymail.com
Simmons,Ralph,834 Rose Avenue,504-340-5697,RalphJSimmons@spambob.com
Mooney,Ann,1591 New Creek Road,260-232-6962,AnnPMooney@trashymail.com
Mahmoud,Leana,1548 Coplin Avenue,602-477-6293,LeanaTMahmoud@trashymail.com
Lockhart,William,244 Richards Avenue,209-902-1202,WilliamLLockhart@spambob.com
Butler,Marco,926 Elk Avenue,517-524-0228,MarcoMButler@mailinator.com
Miller,Derek,4786 Stuart Street,724-396-9871,DerekVMiller@mailinator.com
Camp,Frank,657 Hayhurst Lane,248-862-2449,FrankLCamp@mailinator.com
Hite,Barbara,3232 Langtown Road,563-852-2832,BarbaraJHite@spambob.com
Bryant,Jacob,220 Peck Court,949-452-9322,JacobCBryant@dodgit.com
Hamilton,Jannie,3774 Glen Street,270-324-9797,JannieTHamilton@pookmail.com
Cepeda,Leslie,3977 Briarwood Drive,856-432-3263,LeslieECepeda@pookmail.com
Montgomery,Rita,2146 Garrett Street,269-200-4847,RitaDMontgomery@mailinator.com
Silva,Glady,2437 Driftwood Road,408-371-0041,GladyGSilva@mailinator.com
Smith,Rose,1040 Cost Avenue,301-494-9778,RoseMSmith@trashymail.com
Tran,Veronica,3080 Rosemont Avenue,321-945-3244,VeronicaDTran@mailinator.com
Bounds,Walter,1785 Cambridge Court,479-967-7633,WalterNBounds@trashymail.com
Gibson,David,2928 Romano Street,781-449-3470,DavidHGibson@pookmail.com
Robinson,Myrna,4348 Ridge Road,620-752-1501,MyrnaBRobinson@pookmail.com
Rivera,Lawrence,4598 Caldwell Road,585-273-8189,LawrenceMRivera@dodgit.com
Moore,Edward,4002 Park Street,925-373-4760,EdwardRMoore@trashymail.com
Boyer,Glen,3936 South Street,432-692-0541,GlenSBoyer@dodgit.com
Labarge,Francisca,3204 Duck Creek Road,650-918-4928,FranciscaCLabarge@trashymail.com
Nilles,Mary,2343 Byrd Lane,505-221-6444,MaryCNilles@trashymail.com
Horn,Robert,3585 Marion Street,803-239-3182,RobertMHorn@mailinator.com
Valdez,Steve,325 Rose Street,708-234-1691,SteveTValdez@mailinator.com
Wynne,Cindy,2710 Platinum Drive,724-741-7311,CindyRWynne@pookmail.com
Smith,Jorge,3060 Brooklyn Street,541-231-1550,JorgeDSmith@pookmail.com
Bennett,Marian,4934 Brown Avenue,864-992-6510,MarianLBennett@mailinator.com
Svendsen,Erin,3381 Hazelwood Avenue,515-280-2093,ErinMSvendsen@trashymail.com
Riddle,Joseph,3993 Rubaiyat Road,231-660-6007,JosephMRiddle@spambob.com
Weigel,May,2887 Masonic Drive,406-667-7767,MayTWeigel@dodgit.com
Hess,Jeffrey,1054 Hiddenview Drive,216-228-9995,JeffreyLHess@mailinator.com
Lovely,Andrew,3616 Rose Street,708-228-2490,AndrewKLovely@spambob.com
Whitfield,Leslie,4427 Romines Mill Road,214-599-2577,LeslieLWhitfield@mailinator.com
Baird,Kirk,3994 Leisure Lane,805-559-4409,KirkCBaird@dodgit.com
Ortega,Paul,4764 Heavner Court,515-999-0840,PaulAOrtega@mailinator.com
Brooks,Dora,4655 Wetzel Lane,231-275-2538,DoraWBrooks@mailinator.com
McNeil,Elsa,1647 Waldeck Street,817-453-1048,ElsaRMcNeil@dodgit.com
Yepez,Andrew,3326 Jadewood Drive,224-210-7933,AndrewMYepez@pookmail.com
Heberling,Michael,4143 Tator Patch Road,312-894-0592,MichaelYHeberling@spambob.com
Paredes,Nettie,991 Dogwood Road,602-636-2495,NettieTParedes@spambob.com
Paulk,Karen,1265 Franklin Street,334-737-8952,KarenTPaulk@trashymail.com
Ames,Van,1721 Moonlight Drive,609-658-4443,VanSAmes@pookmail.com
Andrews,Blake,2767 Oliver Street,817-352-2695,BlakeJAndrews@dodgit.com
Harris,Raquel,2559 Ridenour Street,786-261-2183,RaquelBHarris@pookmail.com
Hamilton,Margaret,1435 Havanna Street,336-317-4365,MargaretDHamilton@trashymail.com
Oliver,Stanley,4851 Berry Street,719-767-9770,StanleyBOliver@mailinator.com
Burke,Ronald,719 Rafe Lane,662-738-2894,RonaldMBurke@pookmail.com
Rivera,Ann,4388 Dogwood Road,602-740-6820,AnnJRivera@trashymail.com
Clark,William,718 Pride Avenue,718-317-2187,WilliamJClark@spambob.com
Dover,Paul,4330 Berkley Street,484-817-2346,PaulIDover@mailinator.com
Smith,Ashley,2670 Hillview Drive,706-881-7975,AshleyCSmith@mailinator.com
Curry,Rodney,645 Jones Street,817-530-3856,RodneyMCurry@trashymail.com
Coleman,Dominic,1622 Buena Vista Avenue,541-607-5001,DominicTColeman@mailinator.com
Hammond,Jay,2486 Pearl Street,916-326-0421,JayTHammond@spambob.com
Baldwin,Alice,3496 Woodbridge Lane,313-526-4482,AliceEBaldwin@pookmail.com
Walker,Louis,4542 Horizon Circle,253-508-9735,LouisAWalker@pookmail.com
Rosenthal,Nancy,3887 Jefferson Street,757-788-4000,NancyRRosenthal@mailinator.com
Gorman,Richard,2308 Bluff Street,301-751-7907,RichardTGorman@pookmail.com
Thompson,Ryan,4150 Maud Street,302-635-5798,RyanJThompson@spambob.com
Crabtree,Mary,4764 Courtright Street,701-524-6962,MaryRCrabtree@pookmail.com
Chadwick,Jeramy,4078 Spinnaker Lane,815-714-5211,JeramyHChadwick@dodgit.com
Waltz,Sharon,1795 Formula Lane,469-464-1589,SharonJWaltz@dodgit.com
Etter,William,2924 Davis Lane,720-260-4729,WilliamMEtter@trashymail.com
Pena,John,4669 Diamond Cove,401-342-3518,JohnYPena@spambob.com
Turner,Alice,4699 Ottis Street,405-326-6600,AliceZTurner@mailinator.com
Lucas,Larry,1918 Ben Street,517-990-6325,LarryJLucas@dodgit.com
Begay,Sylvia,2249 Hill Croft Farm Road,530-501-3933,SylviaWBegay@dodgit.com
McWilliams,Ana,3754 Brighton Circle Road,320-446-7905,AnaRMcWilliams@dodgit.com
Holiday,Valerie,1281 Palmer Road,614-669-6827,ValerieCHoliday@pookmail.com
Paolini,Maud,2763 White River Way,801-516-6254,MaudBPaolini@spambob.com
Parks,Maria,4309 Lincoln Street,609-474-2180,MariaSParks@dodgit.com
Leverett,Arthur,2529 Bicetown Road,917-332-1410,ArthurMLeverett@dodgit.com
Smith,James,2660 Jadewood Farms,973-334-5184,JamesMSmith@trashymail.com
Parker,Debra,4596 Coplin Avenue,602-518-9256,DebraGParker@dodgit.com
Atchley,Peter,2013 Grim Avenue,619-784-1161,PeterJAtchley@trashymail.com
Williams,Karen,338 Eagle Drive,734-829-9932,KarenKWilliams@mailinator.com
Vanslyke,Thomas,4686 Rockwell Lane,252-597-8564,ThomasAVanslyke@pookmail.com
Toussaint,Karen,890 Lake Floyd Circle,301-929-8317,KarenRToussaint@dodgit.com
Davis,James,2286 Heron Way,503-812-2283,JamesBDavis@dodgit.com
Cunningham,Karla,4264 Clover Drive,719-243-7109,KarlaMCunningham@pookmail.com
Wagner,Devon,40 Burnside Avenue,435-719-7983,DevonJWagner@pookmail.com
Bergeson,Bobby,3839 Central Avenue,201-347-1607,BobbyGBergeson@trashymail.com
Powell,Lesley,4384 Maxwell Street,860-736-8876,LesleyWPowell@mailinator.com
Ogren,Silva,3583 Abner Road,715-348-3143,SilvaAOgren@trashymail.com
Riley,Frank,3130 Randolph Street,508-752-5818,FrankARiley@pookmail.com
King,Kenneth,2586 Bryan Street,336-231-0713,KennethMKing@trashymail.com
Weatherly,Joseph,2161 Preston Street,620-968-1220,JosephLWeatherly@dodgit.com
Guerrero,Margaret,2153 Buckhannan Avenue,315-509-5188,MargaretTGuerrero@dodgit.com
Shulman,James,1690 Bruce Street,314-253-6167,JamesJShulman@mailinator.com
Emery,Maria,104 Fannie Street,979-263-3268,MariaDEmery@mailinator.com
Volk,Ryan,1065 Wildwood Street,330-669-7356,RyanCVolk@spambob.com
Frink,Betty,1033 Clair Street,254-673-5509,BettyMFrink@dodgit.com
Colby,Jo,3465 Diamond Cove,401-299-9058,JoRColby@dodgit.com
Pittman,Jana,1060 Crosswind Drive,270-889-5461,JanaEPittman@pookmail.com
Higgins,Martha,1549 Oakmound Drive,773-347-4940,MarthaBHiggins@mailinator.com
Cook,Glen,2457 Hannah Street,828-395-5168,GlenNCook@trashymail.com
Mangum,John,2685 Leisure Lane,805-555-3641,JohnVMangum@dodgit.com
Cobb,David,1641 Joyce Street,252-216-8003,DavidCCobb@pookmail.com
Fischer,Joseph,1084 Woodland Avenue,985-545-6617,JosephDFischer@trashymail.com
Mohr,Harold,4658 Wood Duck Drive,906-482-5714,HaroldGMohr@mailinator.com
Sanders,Maurice,2387 Parkway Drive,520-398-3930,MauriceESanders@dodgit.com
Belanger,Natalie,559 Kidd Avenue,907-899-6040,NatalieCBelanger@spambob.com
Roberts,Robert,1727 Gambler Lane,281-925-1711,RobertSRoberts@pookmail.com
Gean,Larry,159 Waldeck Street,817-444-2541,LarryMGean@dodgit.com
Edelman,Andrea,2806 Wood Street,985-890-4667,AndreaDEdelman@spambob.com
Clark,Cecilia,3927 Shinn Street,212-781-0756,CeciliaLClark@spambob.com
Alexander,David,3479 Huntz Lane,978-560-6735,DavidCAlexander@mailinator.com
Harrop,Ronald,1072 Frank Avenue,413-222-3529,RonaldOHarrop@pookmail.com
Thompson,Ron,2988 Payne Street,276-952-0875,RonEThompson@trashymail.com
Goodwin,Jose,3259 Ethels Lane,863-682-5479,JoseCGoodwin@mailinator.com
Rangel,Patricia,3421 Traders Alley,816-374-3212,PatriciaGRangel@trashymail.com
Odom,Justin,2977 Hiddenview Drive,215-996-5500,JustinMOdom@pookmail.com
Hamill,Michael,4488 Ash Street,972-789-6874,MichaelMHamill@dodgit.com
Gonzalez,Carlos,1591 Fire Access Road,336-848-2702,CarlosMGonzalez@trashymail.com
Prince,Amanda,3320 Beech Street,925-827-0022,AmandaPPrince@spambob.com
Holmes,Marsha,2916 Elk Creek Road,770-465-9446,MarshaJHolmes@spambob.com
Irizarry,Tom,2146 Orchard Street,952-674-1691,TomDIrizarry@spambob.com
Hunter,Chris,94 Jones Street,817-576-9325,ChrisEHunter@trashymail.com
Spencer,Fredrick,443 Roguski Road,318-263-4260,FredrickPSpencer@trashymail.com
Stanley,Mary,2540 Rockwell Lane,252-535-0888,MaryJStanley@pookmail.com
Wormley,Wendy,2911 Sunset Drive,870-693-5055,WendyMWormley@pookmail.com
Woodrum,John,4786 Margaret Street,713-846-7885,JohnHWoodrum@trashymail.com
Rodriguez,Charles,2683 Old Dear Lane,845-787-6597,CharlesJRodriguez@mailinator.com
Fain,Anthony,2129 River Road,719-549-9514,AnthonyKFain@dodgit.com
Colon,Suzanne,636 Cabell Avenue,703-607-5654,SuzanneSColon@dodgit.com
Nelson,Joey,3915 Daylene Drive,734-593-2059,JoeyWNelson@dodgit.com
Henderson,Amy,2941 Timberbrook Lane,970-281-6165,AmyTHenderson@trashymail.com
Mayo,Marshall,4251 Hill Street,419-793-2624,MarshallCMayo@trashymail.com
Ishmael,Carol,2070 Rocky Road,215-630-9895,CarolTIshmael@mailinator.com
Crawford,Kenneth,3651 Ella Street,650-218-8417,KennethACrawford@dodgit.com
Webb,Kyle,3229 Petunia Way,205-786-0770,KyleDWebb@dodgit.com
Demar,Lyle,1885 Davis Court,618-875-1524,LyleJDemar@dodgit.com
Cannon,Tracy,3370 Jenna Lane,513-969-8603,TracyGCannon@mailinator.com
Lyon,Cara,3514 Scenicview Drive,425-988-6456,CaraRLyon@spambob.com
Jones,John,950 Cerullo Road,502-463-8289,JohnVJones@dodgit.com
Clark,Frank,1193 Ford Street,408-433-9135,FrankMClark@dodgit.com
Jacques,Thomas,178 Jim Rosa Lane,415-784-3172,ThomasMJacques@trashymail.com
Bishop,Harold,2178 Mahlon Street,732-988-4606,HaroldLBishop@pookmail.com
Walker,Vincent,503 Heather Sees Way,918-696-2869,VincentDWalker@spambob.com
Ballou,Mildred,1592 Westwood Avenue,516-774-9506,MildredABallou@dodgit.com
Farmer,Gary,3270 Reeves Street,920-822-6827,GaryPFarmer@trashymail.com
Cerny,Barbara,110 Wiseman Street,865-437-4446,BarbaraTCerny@spambob.com
Isaacson,Richard,2934 Mulberry Street,936-573-7194,RichardPIsaacson@trashymail.com
Howe,Dorothy,4382 Ersel Street,214-398-8713,DorothyJHowe@trashymail.com
McMullen,Rosetta,4064 Bridge Street,918-820-3048,RosettaDMcMullen@pookmail.com
Duda,Charlotte,1931 Corpening Drive,248-471-6509,CharlotteRDuda@trashymail.com
Chamberlain,Sean,2959 Calvin Street,443-396-7167,SeanAChamberlain@trashymail.com
Rich,Diane,382 Glenwood Avenue,216-381-0572,DianeRRich@trashymail.com
Jordan,Gail,4953 Mandan Road,573-860-5479,GailCJordan@spambob.com
Carter,Nathan,678 Lyndon Street,610-723-0799,NathanLCarter@pookmail.com
Reinke,Willie,1710 Blane Street,314-621-0818,WillieBReinke@spambob.com
Bernard,Wayne,2830 Wood Street,989-220-5817,WayneMBernard@pookmail.com
Richardson,Ronna,191 Roane Avenue,301-227-0814,RonnaGRichardson@pookmail.com
Milligan,Eric,2554 Golden Street,305-643-7373,EricCMilligan@mailinator.com
Moore,Felicia,632 Clement Street,404-505-7126,FeliciaGMoore@trashymail.com
Frasier,Steven,364 Parkway Street,760-303-6274,StevenEFrasier@dodgit.com
Forsythe,Jim,1592 Arlington Avenue,870-232-7047,JimSForsythe@pookmail.com
Taylor,Luis,936 Lindale Avenue,510-524-6269,LuisFTaylor@trashymail.com
Catoe,Julia,3350 Thomas Street,847-548-8361,JuliaDCatoe@dodgit.com
Thomas,Ronald,590 Libby Street,310-261-8218,RonaldSThomas@mailinator.com
Robertson,Jeffrey,4125 Diamond Cove,401-407-0914,JeffreyCRobertson@dodgit.com
Keach,William,3449 Grant Street,903-882-1882,WilliamEKeach@trashymail.com
Crowder,Frank,4646 Golf Course Drive,703-378-3124,FrankRCrowder@pookmail.com
Boren,Rebecca,1616 Godfrey Street,503-589-0148,RebeccaGBoren@trashymail.com
Lunsford,Jennifer,1735 Tibbs Avenue,406-832-1949,JenniferELunsford@trashymail.com
Gillespie,Sylvia,1746 Green Hill Road,479-266-5725,SylviaRGillespie@spambob.com
Skinner,Alex,1109 Lighthouse Drive,417-266-9302,AlexCSkinner@dodgit.com
McCalla,John,4368 Forest Avenue,646-843-3251,JohnMMcCalla@spambob.com
France,Virginia,3157 Fleming Street,334-406-2854,VirginiaRFrance@spambob.com
Deas,Kathleen,3626 Spadafore Drive,814-743-5156,KathleenMDeas@pookmail.com
Slinkard,Sue,4574 Olen Thomas Drive,940-767-9570,SueDSlinkard@mailinator.com
Wright,Clifford,4601 Pine Garden Lane,770-696-6793,CliffordRWright@trashymail.com
Rush,Danielle,3364 Woodlawn Drive,414-614-1921,DaniellePRush@mailinator.com
Tate,Joseph,1426 Simpson Avenue,717-815-5148,JosephRTate@dodgit.com
Vann,Rhonda,4765 Sardis Station,612-530-9884,RhondaCVann@dodgit.com
Blue,Mary,2067 Waldeck Street,817-444-5457,MaryEBlue@pookmail.com
Chang,Andrea,3893 Burton Avenue,901-774-3226,AndreaAChang@spambob.com
Dunn,Gerald,2097 Roane Avenue,281-993-9294,GeraldADunn@dodgit.com
Thomas,Carolyn,2338 Ash Street,972-818-8099,CarolynCThomas@mailinator.com
Williams,Roger,3086 Buffalo Creek Road,615-824-0829,RogerPWilliams@spambob.com
Rice,Stanley,1091 Daylene Drive,734-668-9711,StanleyBRice@spambob.com
Sinclair,Dustin,3935 Ferrell Street,218-368-4946,DustinFSinclair@pookmail.com
Alonzo,Edward,4620 Lucky Duck Drive,412-924-0606,EdwardJAlonzo@pookmail.com
Dean,Brenda,53 Maud Street,302-772-3256,BrendaJDean@spambob.com
Thompson,Carol,1547 Bernardo Street,812-969-2107,CarolEThompson@mailinator.com
Mouzon,Susan,3294 Broadway Street,843-737-2670,SusanAMouzon@dodgit.com
Hobbs,Charles,3654 Airplane Avenue,860-845-7628,CharlesKHobbs@mailinator.com
Turney,Caroline,2081 Brown Street,925-917-0834,CarolineJTurney@pookmail.com
Vallejo,Toby,3928 Birch  Street,915-799-1951,TobyCVallejo@dodgit.com
McNamara,Mercedes,3448 Johnny Lane,414-304-1741,MercedesJMcNamara@dodgit.com
Landman,Heidi,3289 Bingamon Branch Road,845-883-9145,HeidiCLandman@dodgit.com
Jameson,Corrie,3794 Sampson Street,303-626-2148,CorrieAJameson@dodgit.com
Witte,Gertha,855 Lucky Duck Drive,412-856-1029,GerthaGWitte@mailinator.com
Finch,Ronald,3521 Richison Drive,406-339-1947,RonaldMFinch@pookmail.com
Johnson,Christopher,1288 Coplin Avenue,602-515-2170,ChristopherSJohnson@pookmail.com
Mills,Albert,2170 South Street,432-770-9125,AlbertDMills@spambob.com
Pike,Arnold,2292 Ethels Lane,863-622-0728,ArnoldLPike@spambob.com
Sinclair,Claire,3770 Eastland Avenue,601-366-5823,ClaireWSinclair@pookmail.com
Bryant,Tracey,673 Lynn Ogden Lane,409-765-9482,TraceyRBryant@trashymail.com
McVey,Etta,3189 Webster Street,732-536-2695,EttaAMcVey@pookmail.com
Ruiz,Kerry,528 Bombardier Way,734-969-8866,KerryRRuiz@trashymail.com
Mata,Lorna,1693 Valley Drive,267-380-9088,LornaNMata@pookmail.com
Edwards,Elna,2409 American Drive,856-269-4014,ElnaAEdwards@spambob.com
Mosher,Joan,4669 McVaney Road,818-998-2980,JoanSMosher@dodgit.com
Lindsay,Ryan,4000 Private Lane,229-292-1340,RyanNLindsay@trashymail.com
Morris,Christopher,1 Jarvisville Road,517-202-9017,ChristopherVMorris@dodgit.com
Davis,Adrian,3473 Margaret Street,713-945-1418,AdrianLDavis@trashymail.com
Fuhrman,Abraham,3452 Rocky Road,215-637-0473,AbrahamPFuhrman@spambob.com
Festa,Edith,3520 Dogwood Road,602-630-3834,EdithJFesta@dodgit.com
Sheehan,Alex,2738 Oak Way,402-403-6051,AlexOSheehan@trashymail.com
Lynch,Joseph,4166 Alfred Drive,718-214-2973,JosephJLynch@dodgit.com
Hendricks,Diana,3740 Progress Way,320-240-2213,DianaDHendricks@mailinator.com
Johnson,Erika,846 Woodhill Avenue,410-823-4404,ErikaJJohnson@dodgit.com
Creasy,Jessie,3822 Pin Oak Drive,563-324-7506,JessieSCreasy@pookmail.com
Hopkins,Eula,1098 Brown Street,928-229-5567,EulaRHopkins@mailinator.com
Singleton,James,3852 Winifred Way,765-747-0994,JamesMSingleton@trashymail.com
Huang,Donna,3884 Davis Lane,720-265-1625,DonnaPHuang@dodgit.com
Bohner,Allen,2392 Bruce Street,314-277-8097,AllenLBohner@dodgit.com
Rawson,Pok,3068 Holly Street,706-212-5811,PokKRawson@trashymail.com
Hughes,Gary,3300 Rardin Drive,650-623-8014,GaryAHughes@mailinator.com
Heck,Travis,1743 Kooter Lane,704-470-6611,TravisAHeck@spambob.com
Myers,Randall,1386 Quincy Street,267-525-2907,RandallMMyers@pookmail.com
Baptiste,Leonard,3475 Vineyard Drive,440-427-0172,LeonardCBaptiste@spambob.com
Nguyen,Anita,1837 Twin Oaks Drive,231-395-0803,AnitaRNguyen@trashymail.com
Baillie,Carlos,4980 Willison Street,763-350-4298,CarlosRBaillie@pookmail.com
Skinner,Elizabeth,4411 Finwood Road,732-418-0593,ElizabethRSkinner@spambob.com
Thomas,Jeremiah,3395 Chicago Avenue,559-626-7348,JeremiahBThomas@mailinator.com
Taylor,Alma,462 Broadway Street,843-818-5041,AlmaMTaylor@dodgit.com
Adams,Tanya,216 Center Street,559-212-9147,TanyaGAdams@pookmail.com
Baca,Garry,70 Joes Road,518-671-9039,GarryEBaca@spambob.com
Pimentel,Corey,846 Lamberts Branch Road,786-523-1442,CoreyAPimentel@pookmail.com
Bowman,David,1855 Libby Street,310-314-0597,DavidJBowman@pookmail.com
Enriquez,Shelby,4592 Clousson Road,712-855-3100,ShelbyGEnriquez@mailinator.com
Arnold,Carolyn,4899 Ella Street,650-283-6944,CarolynMArnold@trashymail.com
Montijo,David,3239 Fort Street,252-964-2887,DavidOMontijo@dodgit.com
Diaz,Geneva,1924 Wexford Way,803-300-0767,GenevaTDiaz@mailinator.com
Vasquez,Robert,386 Brown Avenue,864-973-4324,RobertHVasquez@spambob.com
Louis,Nicole,4926 Apple Lane,309-205-5475,NicoleJLouis@trashymail.com
Reeves,Hilda,2873 Goff Avenue,269-545-0351,HildaJReeves@dodgit.com
Rush,Annette,3622 Wood Duck Drive,906-362-5609,AnnetteJRush@spambob.com
Pope,Duane,4387 Forest Avenue,646-920-0290,DuaneDPope@trashymail.com
Evans,Chester,1671 Atha Drive,661-761-9269,ChesterAEvans@mailinator.com
Godsey,Janet,3381 Mattson Street,503-363-7242,JanetJGodsey@pookmail.com
Thornton,Paul,4973 Mill Street,863-909-4601,PaulSThornton@pookmail.com
Haywood,Michael,3287 Harron Drive,443-524-9111,MichaelTHaywood@dodgit.com
Kamps,Maribel,1414 Shinn Street,212-729-8207,MaribelLKamps@trashymail.com
McGregor,Marion,1512 Brown Avenue,864-906-5983,MarionJMcGregor@trashymail.com
Massaro,Tracy,2479 Glenwood Avenue,216-321-7118,TracyRMassaro@pookmail.com
Blair,Carlos,3018 Arthur Avenue,815-845-8662,CarlosHBlair@mailinator.com
Knowles,Scott,4019 Cambridge Drive,623-363-2040,ScottAKnowles@spambob.com
Burrow,Madeline,3743 Hillcrest Circle,763-489-7577,MadelineDBurrow@trashymail.com
Freeman,Maria,3354 Retreat Avenue,207-289-5842,MariaGFreeman@pookmail.com
Nickle,Jennifer,1839 Overlook Drive,765-280-9227,JenniferJNickle@spambob.com
Shipman,Pearl,3851 Emeral Dreams Drive,815-229-7475,PearlMShipman@trashymail.com
Mercurio,Jamie,1721 Bagwell Avenue,352-812-1799,JamieJMercurio@mailinator.com
Jones,Beverly,3266 McDonald Avenue,407-926-9146,BeverlyCJones@mailinator.com
Menard,Leona,3290 Timber Oak Drive,805-969-6239,LeonaJMenard@spambob.com
Hill,James,3336 Richards Avenue,209-916-4387,JamesUHill@mailinator.com
Collins,Amy,4138 Spirit Drive,386-903-5592,AmyWCollins@spambob.com
Duncan,John,1293 West Side Avenue,201-294-8103,JohnADuncan@spambob.com
Morgan,Jean,1939 Oakmound Road,773-201-6682,JeanRMorgan@spambob.com
Ellzey,Ora,3240 Stoney Lonesome Road,570-366-9820,OraCEllzey@dodgit.com
Watanabe,Christopher,2003 Gore Street,713-588-2420,ChristopherLWatanabe@trashymail.com
Parrish,Joseph,3102 Bel Meadow Drive,909-282-0909,JosephMParrish@mailinator.com
Delgado,Rose,1169 Dye Street,480-695-7633,RoseWDelgado@dodgit.com
Mitchell,Dorothy,2852 Davisson Street,765-821-9192,DorothyJMitchell@pookmail.com
Bunting,John,286 Lowland Drive,815-334-0525,JohnABunting@dodgit.com
Steed,Robert,1921 Duff Avenue,802-466-0687,RobertJSteed@trashymail.com
Foss,Pedro,2930 Bottom Lane,716-681-1036,PedroTFoss@pookmail.com
Mendivil,Delores,1224 Poe Road,843-272-6861,DeloresSMendivil@spambob.com
Neal,Frances,2342 Cemetery Street,831-785-0976,FrancesBNeal@pookmail.com
Rollins,Michele,3045 Duff Avenue,802-421-8458,MicheleHRollins@spambob.com
Silva,Lucille,4214 Lakewood Drive,201-814-4529,LucilleVSilva@pookmail.com
Dickey,Carman,3557 Hillview Street,803-789-0285,CarmanMDickey@trashymail.com
Goodale,Albert,4829 North Avenue,402-850-5008,AlbertMGoodale@pookmail.com
Hebert,Jacqueline,3617 Ashmor Drive,218-257-6054,JacquelineDHebert@dodgit.com
Parker,Valerie,191 Marcus Street,256-644-8200,ValerieRParker@spambob.com
Monk,James,33 Lincoln Street,609-492-0355,JamesAMonk@pookmail.com
Lay,Clarence,2634 Oakdale Avenue,863-555-3899,ClarenceALay@trashymail.com
Turner,Dennis,2679 Wescam Court,775-969-5738,DennisMTurner@spambob.com
Jared,Mark,4135 Hill Haven Drive,254-291-3269,MarkJJared@spambob.com
Ayers,Allen,241 Single Street,781-658-4261,AllenDAyers@dodgit.com
McKay,Gloria,4127 Birch Street,317-846-5381,GloriaJMcKay@mailinator.com
Warner,Wallace,865 Pearcy Avenue,260-918-8844,WallaceJWarner@pookmail.com
Lane,Daniel,3086 Briarwood Drive,856-486-1219,DanielRLane@pookmail.com
Avery,Angela,490 Patterson Fork Road,312-677-7274,AngelaVAvery@mailinator.com
Gibbs,Ignacio,3379 Emily Drive,803-818-4030,IgnacioRGibbs@mailinator.com
Green,Jess,1872 Junkins Avenue,229-468-2586,JessJGreen@spambob.com
Heard,Shawn,808 Walnut Street,601-568-4628,ShawnIHeard@dodgit.com
Yarbrough,Jack,4030 Lords Way,731-804-8995,JackJYarbrough@mailinator.com
Lopez,Gerald,4421 Taylor Street,914-648-8928,GeraldMLopez@pookmail.com
Henderson,Arthur,2755 Turnpike Drive,256-443-8622,ArthurCHenderson@trashymail.com
Beason,Linda,3950 Monroe Street,713-375-7711,LindaJBeason@dodgit.com
Allen,Rose,4404 Stutler Lane,814-452-4216,RoseMAllen@spambob.com
Vega,Joaquin,4495 Radford Street,502-247-3493,JoaquinVVega@dodgit.com
Wingo,Steven,1711 Tenmile Road,781-674-1423,StevenLWingo@mailinator.com
Rodriguez,William,2889 Deer Ridge Drive,973-615-6268,WilliamYRodriguez@spambob.com
Coppage,Olive,1872 Seth Street,325-446-8332,OliveRCoppage@spambob.com
Caballero,Gary,2409 Lords Way,731-792-6415,GaryJCaballero@mailinator.com
Yutzy,Michael,3283 Marigold Lane,305-415-1518,MichaelCYutzy@pookmail.com
Silvers,Rebecca,478 Patterson Road,718-908-4473,RebeccaPSilvers@dodgit.com
Duet,Wanda,199 Brookview Drive,409-382-7540,WandaDDuet@mailinator.com
Murray,Debbie,1654 Mudlick Road,509-567-5034,DebbieGMurray@pookmail.com
Williams,Thomas,2676 Cottrill Lane,314-447-8826,ThomasJWilliams@pookmail.com
Stewart,Joseph,399 Hickory Lane,202-484-9728,JosephAStewart@spambob.com
Terrell,Laurie,1074 Sycamore Road,541-413-7037,LaurieJTerrell@pookmail.com
Hutcheson,Marjorie,3396 Broaddus Avenue,270-229-6343,MarjorieTHutcheson@dodgit.com
Jones,Jason,3674 Collins Avenue,614-848-5681,JasonTJones@trashymail.com
Grant,Cary,3135 Edgewood Road,870-992-9180,CaryPGrant@pookmail.com
Ishmael,Teresa,2629 Cottonwood Lane,615-986-1910,TeresaKIshmael@spambob.com
Mathews,Gilbert,2147 Mattson Street,503-340-6737,GilbertBMathews@spambob.com
Couch,Dana,2971 Haymond Rocks Road,541-513-4361,DanaCCouch@spambob.com
Hopkins,Pinkie,468 Happy Hollow Road,910-551-4875,PinkieRHopkins@dodgit.com
Bean,Patti,3862 Derek Drive,330-393-8666,PattiDBean@dodgit.com
Denham,Barbara,623 Strother Street,205-698-3786,BarbaraJDenham@dodgit.com
Janzen,Donald,1918 Fairfield Road,262-686-1102,DonaldLJanzen@trashymail.com
Ruby,Yvonne,4568 Horner Street,330-912-7232,YvonneJRuby@pookmail.com
Waters,Ruth,3639 Parkway Street,760-314-0529,RuthPWaters@pookmail.com
Bowman,Frances,4320 Dawson Drive,501-843-6727,FrancesTBowman@trashymail.com
Hovis,Cheryle,567 Elliott Street,603-654-5958,CheryleJHovis@dodgit.com
Bennett,Jeanne,890 Ashcraft Court,619-441-4715,JeanneMBennett@mailinator.com
Workman,Nicki,733 Church Street,718-440-0828,NickiGWorkman@trashymail.com
Rudolph,Anthony,3258 Euclid Avenue,805-315-1298,AnthonySRudolph@dodgit.com
Underhill,Ray,1543 Bird Spring Lane,281-556-0592,RayMUnderhill@dodgit.com
Billings,Olga,1732 Todds Lane,210-518-9188,OlgaJBillings@dodgit.com
Gates,Jorge,1598 Crummit Lane,402-233-9649,JorgeAGates@mailinator.com
Pittman,Brenda,4177 Millbrook Road,630-801-3206,BrendaGPittman@trashymail.com
Williams,Brandon,952 Brooke Street,713-648-7808,BrandonTWilliams@mailinator.com
Ball,George,4888 Spadafore Drive,814-764-9293,GeorgeCBall@trashymail.com
McDorman,Clyde,1116 East Avenue,480-329-9791,ClydeMMcDorman@dodgit.com
Fox,Patricia,1858 Middleville Road,626-384-8420,PatriciaHFox@pookmail.com
Washington,Enrique,3232 Marion Street,802-895-4589,EnriqueBWashington@mailinator.com
Owens,Juan,4721 Desert Broom Court,201-712-7707,JuanBOwens@mailinator.com
Dunbar,Anna,1587 Martha Street,928-660-5973,AnnaLDunbar@trashymail.com
Thompson,Edgar,3642 Still Street,419-636-0730,EdgarAThompson@pookmail.com
Galeana,Marion,1319 Walnut Street,601-561-9529,MarionAGaleana@trashymail.com
Neri,Richard,1616 Oakmound Road,773-228-6595,RichardMNeri@mailinator.com
Profitt,Shana,2819 Juniper Drive,989-926-6637,ShanaSProfitt@spambob.com
Boyd,Tommy,3097 Shinn Street,212-705-3018,TommyJBoyd@spambob.com
Coppage,Jonathan,279 Bryan Avenue,651-318-0937,JonathanTCoppage@dodgit.com
Schild,Robert,2098 Liberty Avenue,714-433-5486,RobertRSchild@mailinator.com
Orlandi,Theodore,722 Woodridge Lane,901-379-1629,TheodoreFOrlandi@dodgit.com
Sanders,Christopher,4524 Black Oak Hollow Road,408-835-4524,ChristopherVSanders@trashymail.com
McClellan,Gayle,1362 Kincheloe Road,503-550-1561,GayleWMcClellan@trashymail.com
Richter,Roger,1000 White Avenue,361-749-6999,RogerERichter@trashymail.com
Miller,Pamela,4108 Laurel Lane,432-290-2010,PamelaGMiller@spambob.com
Reed,Bettie,5 Middleville Road,626-363-8330,BettieAReed@pookmail.com
Barnes,Natasha,3832 Hood Avenue,858-703-6119,NatashaDBarnes@pookmail.com
Flores,Robert,2055 Stratford Park,812-879-4564,RobertCFlores@spambob.com
Smiley,James,1202 County Line Road,727-786-2750,JamesLSmiley@dodgit.com
Michaud,Tracy,3406 Saint James Drive,717-496-5062,TracySMichaud@dodgit.com
Hines,Tyesha,892 Coplin Avenue,602-494-2691,TyeshaMHines@mailinator.com
Carney,Michele,339 Weekley Street,210-444-9356,MicheleJCarney@pookmail.com
Laws,Jerome,2468 Heritage Road,559-696-2172,JeromeSLaws@mailinator.com
Bruce,Thomas,4221 Hamill Avenue,858-432-9779,ThomasEBruce@trashymail.com
Valencia,Liz,3901 Blue Spruce Lane,410-345-9635,LizRValencia@pookmail.com
Montgomery,Marilyn,889 Argonne Street,302-297-4590,MarilynCMontgomery@spambob.com
White,Amy,2124 Gladwell Street,903-207-8555,AmyRWhite@spambob.com
Longstreet,Ronald,2788 Meadow Drive,406-207-9944,RonaldGLongstreet@pookmail.com
Peeples,Amy,256 Orphan Road,715-897-7515,AmyBPeeples@dodgit.com
Baldwin,Drusilla,3217 Hanifan Lane,678-575-3385,DrusillaJBaldwin@dodgit.com
Willoughby,Jeffrey,3192 Sycamore Circle,682-432-9929,JeffreyMWilloughby@mailinator.com
Concepcion,Debra,3614 Philadelphia Avenue,801-250-0644,DebraFConcepcion@pookmail.com
Adler,Ferdinand,505 Wilkinson Court,239-596-6791,FerdinandCAdler@mailinator.com
Smith,Teresa,3936 Mudlick Road,509-486-6047,TeresaRSmith@mailinator.com
Smith,Marie,3558 Ridge Road,620-779-1243,MarieTSmith@mailinator.com
McLaurin,Muriel,4023 Poplar Avenue,619-608-5897,MurielBMcLaurin@dodgit.com
Mowbray,Lucia,4623 Harrison Street,415-574-6182,LuciaTMowbray@trashymail.com
Mayo,Jesus,3324 Lynn Avenue,715-508-7190,JesusDMayo@spambob.com
Robertson,Richard,1509 Lake Forest Drive,914-209-1847,RichardDRobertson@mailinator.com
Michel,Sherry,1514 Stoney Lonesome Road,570-416-9497,SherryGMichel@mailinator.com
McCreary,Thomas,932 Frederick Street,916-265-5218,ThomasKMcCreary@spambob.com
Squires,Clay,1951 Pritchard Court,507-416-7258,ClayLSquires@pookmail.com
Banta,Fatima,2249 Still Street,419-699-7412,FatimaDBanta@spambob.com
Byers,Louise,602 Austin Secret Lane,435-619-1610,LouiseDByers@mailinator.com
Perkins,Charles,1119 Shobe Lane,970-477-8806,CharlesAPerkins@spambob.com
Diaz,Reginald,2789 Hart Country Lane,706-646-7183,ReginaldSDiaz@mailinator.com
Hume,Erika,86 Wayback Lane,631-342-4564,ErikaBHume@spambob.com
Weatherford,Angela,3147 Amethyst Drive,517-391-9234,AngelaEWeatherford@trashymail.com
Lewis,Joseph,256 Rardin Drive,650-631-7793,JosephLLewis@mailinator.com
Sapp,David,4480 Hilltop Haven Drive,973-772-4116,DavidSSapp@mailinator.com
Mallon,Bonnie,3948 West Drive,312-480-9936,BonnieWMallon@mailinator.com
Maguire,Joseph,1356 Everette Alley,954-740-6212,JosephTMaguire@dodgit.com
Johnson,Kimberly,4870 Edgewood Road,901-226-3083,KimberlyDJohnson@pookmail.com
Youngblood,Leticia,340 Hiddenview Drive,216-206-4463,LeticiaRYoungblood@trashymail.com
Stevens,John,2517 Stadium Drive,508-275-4352,JohnMStevens@dodgit.com
Mendez,Maria,2338 Turnpike Drive,256-330-6315,MariaJMendez@dodgit.com
Odell,Coral,1464 Seth Street,325-555-9301,CoralWOdell@spambob.com
Mitchell,Jessica,4168 Hewes Avenue,443-583-0252,JessicaKMitchell@pookmail.com
Neely,Brice,1075 Walnut Avenue,201-533-4344,BriceCNeely@dodgit.com
Waiters,Estelle,87 Barnes Avenue,513-632-9331,EstelleJWaiters@spambob.com
Powell,Gregory,1343 Prudence Street,313-369-5717,GregoryMPowell@mailinator.com
Weatherford,Alvin,1755 Hickory Lane,202-483-1424,AlvinCWeatherford@trashymail.com
Eaton,Celeste,4980 Poe Road,832-867-9538,CelesteREaton@trashymail.com
Churchill,Jeanne,1499 Middleville Road,626-330-4276,JeanneWChurchill@dodgit.com
Hardwick,Jonathan,3731 Callison Lane,302-402-1549,JonathanVHardwick@trashymail.com
Webb,Arthur,2843 Irving Road,740-462-1777,ArthurDWebb@dodgit.com
Charlie,Derek,2329 Cherry Ridge Drive,586-276-3219,DerekBCharlie@spambob.com
Dana,Ronald,3558 Diamond Cove,401-382-1816,RonaldPDana@trashymail.com
Tillotson,Ross,2721 Wexford Way,803-361-2196,RossJTillotson@pookmail.com
Numbers,Larry,1399 Nash Street,313-235-6104,LarryKNumbers@mailinator.com
Saine,Marilyn,4164 Smith Street,508-832-8299,MarilynFSaine@spambob.com
Saul,David,2559 Wiseman Street,865-448-0251,DavidLSaul@mailinator.com
Bardsley,Anthony,1694 Hummingbird Way,785-208-2147,AnthonyJBardsley@mailinator.com
Mecham,John,2417 Indiana Avenue,808-574-1808,JohnNMecham@mailinator.com
Long,Stephanie,4532 Vesta Drive,773-760-5750,StephanieLLong@spambob.com
Bazan,Daniel,1056 Smithfield Avenue,806-729-8990,DanielSBazan@dodgit.com
Hedges,Sergio,1775 Roane Avenue,301-284-7082,SergioGHedges@dodgit.com
Smith,Vanessa,1472 Thorn Street,307-645-2334,VanessaRSmith@trashymail.com
Day,Ernest,4672 Forest Drive,703-931-7780,ErnestCDay@mailinator.com
Stlouis,Melissa,1450 Michael Street,713-776-1704,MelissaJStlouis@pookmail.com
White,Marcus,4638 Poplar Street,708-788-2835,MarcusMWhite@spambob.com
Lynch,Martha,3655 Heavner Avenue,770-783-3977,MarthaBLynch@spambob.com
Soto,Carolyn,4875 Hardman Road,802-854-6771,CarolynJSoto@trashymail.com
Jordan,Jack,465 Sunset Drive,870-629-6889,JackJJordan@mailinator.com
Nunnally,Darren,2175 Rollins Road,308-889-9928,DarrenDNunnally@spambob.com
Jackson,Edwina,588 Golden Street,305-678-8591,EdwinaJJackson@spambob.com
Board,Rose,2370 Agriculture Lane,305-265-4174,RoseCBoard@trashymail.com
Bohr,Cornell,1348 Masonic Hill Road,501-541-7686,CornellCBohr@spambob.com
Vanleer,Wendy,112 Lodgeville Road,612-344-6957,WendyJVanleer@dodgit.com
Wylie,Barbara,213 Hilltop Street,413-676-6006,BarbaraPWylie@mailinator.com
Johnson,Larry,4506 Twin Oaks Drive,231-482-4925,LarrySJohnson@mailinator.com
Gomez,Esther,4255 Juniper Drive,989-794-7208,EstherCGomez@mailinator.com
Ross,Erin,2775 Smithfield Avenue,806-723-8351,ErinJRoss@dodgit.com
Wilson,Michael,1107 Pooh Bear Lane,864-663-7984,MichaelLWilson@spambob.com
Knight,Harry,3026 Haymond Rocks Road,541-518-1002,HarryJKnight@pookmail.com
Stone,James,545 West Street,616-662-8194,JamesMStone@spambob.com
Edwards,Victor,157 Hartway Street,605-793-3269,VictorPEdwards@pookmail.com
House,Richard,2833 School Street,202-882-4702,RichardHHouse@dodgit.com
Olson,Linda,3421 Virginia Street,773-573-3712,LindaMOlson@dodgit.com
Estrada,Sammy,4704 Maple Avenue,208-932-4717,SammyAEstrada@spambob.com
Anderson,Gwen,3668 Park Street,925-461-2112,GwenSAnderson@mailinator.com
Johnson,Merilyn,1093 Thrash Trail,903-552-2757,MerilynJJohnson@pookmail.com
Chandler,Mattie,3231 Morris Street,830-386-8633,MattieDChandler@trashymail.com
Morton,Nancy,134 Waldeck Street,817-477-1791,NancyBMorton@spambob.com
Harvey,Dee,816 Anmoore Road,718-764-7160,DeeAHarvey@pookmail.com
Cambra,Joshua,2515 Hinkle Lake Road,617-451-8984,JoshuaECambra@dodgit.com
Dumas,Rachel,4133 Coplin Avenue,602-508-9035,RachelTDumas@pookmail.com
McCullough,Lena,4096 Timber Oak Drive,805-984-1097,LenaRMcCullough@trashymail.com
Castellanos,Isabelle,1545 Emma Street,806-885-0949,IsabelleECastellanos@dodgit.com
Rivera,Kirby,1495 Mandan Road,573-777-3570,KirbyHRivera@pookmail.com
Batson,Hector,2302 Glen Falls Road,215-897-4104,HectorMBatson@spambob.com
Milliman,Christopher,2768 Mount Tabor,914-502-7608,ChristopherAMilliman@trashymail.com
Amon,Jonathan,3700 Snider Street,719-890-9908,JonathanMAmon@mailinator.com
Sloan,Nanci,1830 Derek Drive,330-409-7418,NanciXSloan@spambob.com
Alvarez,Leo,2409 Lynn Avenue,715-552-8856,LeoMAlvarez@mailinator.com
Mendoza,Mark,1092 Traction Street,864-473-6032,MarkEMendoza@trashymail.com
Renda,Michelle,2927 Locust Street,229-947-9727,MichelleERenda@spambob.com
Alvarado,Joe,525 Hardesty Street,518-396-7512,JoeJAlvarado@pookmail.com
Wheeler,Kayla,4874 Reel Avenue,505-338-5559,KaylaDWheeler@pookmail.com
Willison,Leonardo,3364 Brighton Circle Road,320-630-1385,LeonardoAWillison@mailinator.com
Ortiz,Martha,148 Yorkie Lane,912-657-1726,MarthaAOrtiz@pookmail.com
Goguen,Donna,101 Lochmere Lane,860-384-3643,DonnaGGoguen@pookmail.com
Sandlin,Richard,3775 Washington Street,361-304-2811,RichardLSandlin@mailinator.com
Claus,Jimmie,4071 Howard Street,616-455-4147,JimmieLClaus@pookmail.com
Manson,Charlene,3230 Deer Haven Drive,864-396-9046,CharleneEManson@trashymail.com
Lopes,Mark,1395 Turkey Pen Lane,334-445-9357,MarkWLopes@dodgit.com
McIver,Titus,4080 Havanna Street,336-342-4408,TitusBMcIver@pookmail.com
Leach,John,4844 Parkway Street,760-303-2702,JohnBLeach@pookmail.com
Clay,Louise,4386 Candlelight Drive,281-401-0944,LouiseTClay@trashymail.com
Rowell,Marilyn,76 Maple Lane,256-548-1743,MarilynRRowell@spambob.com
Ramirez,Martha,4349 Paradise Lane,909-649-4883,MarthaWRamirez@mailinator.com
Daluz,Gilbert,2244 Harron Drive,443-575-8855,GilbertSDaluz@dodgit.com
Niven,Vicky,3788 Goodwin Avenue,509-363-4191,VickyENiven@mailinator.com
Yaeger,John,3832 Eden Drive,805-202-8757,JohnSYaeger@spambob.com
Macdonald,Joseph,685 Poling Farm Road,402-365-7627,JosephTMacdonald@spambob.com
Masters,Dorothy,4836 Circle Drive,832-452-1282,DorothyBMasters@mailinator.com
Martinez,Margaret,3918 Gore Street,713-574-3211,MargaretRMartinez@mailinator.com
Conover,Miranda,725 Hoffman Avenue,917-926-0756,MirandaJConover@pookmail.com
Caudle,Amanda,600 Conaway Street,812-409-6722,AmandaWCaudle@spambob.com
McGee,Joseph,4288 Woodside Circle,850-839-6048,JosephBMcGee@spambob.com
Thacker,Ebony,1 Alexander Drive,940-345-0567,EbonyCThacker@spambob.com
Ayers,Heather,524 Cliffside Drive,607-429-6838,HeatherDAyers@pookmail.com
Elsberry,Richard,3646 Raoul Wallenberg Place,203-804-5179,RichardMElsberry@dodgit.com
Crandell,Michael,4671 Oakwood Avenue,212-631-5803,MichaelACrandell@spambob.com
Miner,Hailey,629 Oliver Street,817-357-9324,HaileyMMiner@mailinator.com
Ward,Jacqueline,4532 Valley Drive,267-290-0130,JacquelineGWard@mailinator.com
Haines,Elizabeth,2393 Locust View Drive,415-937-3971,ElizabethEHaines@mailinator.com
Day,Betty,1846 Koontz Lane,818-789-4108,BettyADay@spambob.com
Black,Cindy,630 Hart Street,860-244-9203,CindyJBlack@mailinator.com
Wilkins,Ashley,4607 Red Maple Drive,323-377-5416,AshleyRWilkins@spambob.com
Barrett,Jessica,786 Vineyard Drive,440-357-0519,JessicaJBarrett@pookmail.com
Miller,Ernest,4403 Snyder Avenue,704-676-4372,ErnestTMiller@pookmail.com
Campbell,Robin,3505 Harter Street,937-606-3281,RobinLCampbell@dodgit.com
Lowe,Alejandro,4404 Brookside Drive,205-349-8678,AlejandroLLowe@pookmail.com
Larson,Emily,1714 Pinnickinick Street,360-841-3923,EmilyTLarson@spambob.com
Pope,Aaron,4707 Russell Street,978-975-6481,AaronLPope@mailinator.com
Bray,Jeanne,3420 Bubby Drive,512-360-6172,JeanneCBray@pookmail.com
Maier,Cynthia,2246 Short Street,512-926-5150,CynthiaDMaier@pookmail.com
McCann,Joshua,3117 Gladwell Street,903-264-0332,JoshuaAMcCann@spambob.com
Jordan,Stanley,4260 Quarry Drive,334-789-4147,StanleySJordan@mailinator.com
Diebold,Keith,653 Patterson Fork Road,312-651-4976,KeithCDiebold@pookmail.com
Hiatt,Loretta,4694 Cody Ridge Road,580-514-5776,LorettaWHiatt@dodgit.com
Conroy,Kristin,1467 Fantages Way,207-681-4169,KristinJConroy@spambob.com
Dietz,Debbie,3934 Romano Street,781-391-0273,DebbieDDietz@pookmail.com
Pierce,Beverly,1944 Smith Road,770-979-0194,BeverlyGPierce@trashymail.com
Murphy,Ryan,124 Johnson Street,919-902-4907,RyanRMurphy@mailinator.com
Hathaway,Robert,239 Florence Street,903-519-9075,RobertMHathaway@spambob.com
Moreno,Tina,2372 Kessla Way,843-372-3443,TinaPMoreno@trashymail.com
Jones,Erica,1633 Irving Place,636-258-1870,EricaAJones@pookmail.com
Sartain,Susan,2981 Pursglove Court,937-329-8674,SusanVSartain@trashymail.com
Pomerleau,Craig,3776 Ashmor Drive,218-333-6553,CraigCPomerleau@dodgit.com
Barclay,Kenneth,1035 Maple Street,714-298-2110,KennethLBarclay@spambob.com
Rivera,Paul,4773 Prospect Valley Road,310-920-0284,PaulMRivera@dodgit.com
Gaines,Charles,980 Woodland Terrace,916-949-7123,CharlesIGaines@pookmail.com
Owens,Samuel,1520 Callison Lane,302-549-6594,SamuelSOwens@mailinator.com
Worrell,Anthony,395 Elk Creek Road,770-506-3310,AnthonyMWorrell@pookmail.com
Brooks,Avis,1663 Griffin Street,602-260-1245,AvisJBrooks@trashymail.com
Vineyard,Bobby,3934 Cottrill Lane,314-418-7173,BobbyAVineyard@mailinator.com
Reyes,Alberto,3025 Poplar Avenue,619-584-5956,AlbertoDReyes@pookmail.com
Bockman,Larry,603 Lamberts Branch Road,786-975-5227,LarryJBockman@dodgit.com
Hayes,Robert,2475 Hickory Heights Drive,443-937-8551,RobertAHayes@spambob.com
Stephens,Sandra,4121 Jefferson Street,757-677-0267,SandraWStephens@trashymail.com
Minor,Jewel,1643 Broadway Avenue,423-844-7781,JewelCMinor@pookmail.com
Carson,Maureen,3561 Brookside Drive,205-253-6282,MaureenGCarson@spambob.com
Nichols,Margaret,183 Nutter Street,816-264-7199,MargaretLNichols@mailinator.com
Jones,Ann,3787 Marigold Lane,305-459-8666,AnnPJones@trashymail.com
Dorris,Ladonna,2086 Tetrick Road,863-299-9824,LadonnaRDorris@dodgit.com
Robison,Elizabeth,3103 Bassell Avenue,501-766-6262,ElizabethHRobison@mailinator.com
Westover,Irma,3220 Dola Mine Road,919-367-7741,IrmaRWestover@trashymail.com
Bennett,Donald,375 Kimberly Way,616-847-3674,DonaldBBennett@spambob.com
Hightower,Johnny,4259 Lakeland Park Drive,770-630-9197,JohnnyBHightower@mailinator.com
Garrett,Linda,1372 New York Avenue,817-918-9616,LindaJGarrett@spambob.com
Moore,Cheryl,3055 Flinderation Road,708-319-3105,CherylRMoore@dodgit.com
Dunne,Bert,1937 Lords Way,731-852-5606,BertEDunne@pookmail.com
Rush,Jacob,2887 Coulter Lane,804-310-5253,JacobDRush@trashymail.com
Marinez,Cesar,1808 Roosevelt Street,415-398-5144,CesarAMarinez@trashymail.com
Humphrey,Wilma,2917 Henery Street,317-205-7336,WilmaJHumphrey@trashymail.com
Lowe,Renee,2497 Primrose Lane,608-584-6483,ReneeJLowe@pookmail.com
Duley,Renae,2341 Ridenour Street,786-301-7670,RenaeCDuley@pookmail.com
Tyler,Dan,4299 Saint Francis Way,267-235-6446,DanATyler@spambob.com
Curtis,Diana,1269 Badger Pond Lane,727-252-4632,DianaHCurtis@trashymail.com
Vargo,John,4104 Martha Ellen Drive,775-776-2317,JohnPVargo@trashymail.com
Zamora,Amanda,535 Leroy Lane,605-967-6009,AmandaWZamora@pookmail.com
Garcia,Bertha,3700 Werninger Street,832-838-2556,BerthaPGarcia@mailinator.com
Garcia,Kenneth,951 Grim Avenue,619-760-1266,KennethDGarcia@pookmail.com
Young,David,854 Grim Avenue,619-784-4080,DavidRYoung@pookmail.com
Smith,Rebekah,3755 Holt Street,561-322-5880,RebekahJSmith@spambob.com
Anderson,Michael,4535 Commerce Boulevard,402-558-1738,MichaelKAnderson@spambob.com
Jimenez,Andrea,1757 Berry Street,719-570-0368,AndreaMJimenez@trashymail.com
Brown,Larry,4538 Daylene Drive,734-677-9281,LarryBBrown@pookmail.com
Vickery,Jodi,1611 Lee Avenue,856-302-4895,JodiHVickery@mailinator.com
Anderson,Miranda,1012 Tenmile Road,781-774-4325,MirandaDAnderson@spambob.com
Croce,Carolyn,4607 Radio Park Drive,706-726-1011,CarolynMCroce@pookmail.com
Leiker,Dawn,3065 Zimmerman Lane,213-489-7661,DawnMLeiker@trashymail.com
Connors,Charles,2669 Joseph Street,262-770-6230,CharlesMConnors@trashymail.com
Cromwell,Ellen,4935 Hog Camp Road,708-516-9393,EllenWCromwell@pookmail.com
Regalado,Horacio,417 Deercove Drive,215-221-0763,HoracioMRegalado@trashymail.com
Koski,Betty,4163 Saint James Drive,717-459-6640,BettyDKoski@pookmail.com
Johnson,Walter,4420 Boggess Street,937-912-2280,WalterIJohnson@pookmail.com
Lavelle,Allen,2260 Vesta Drive,773-718-3266,AllenELavelle@trashymail.com
Gilmore,Ramona,1339 Zappia Drive,859-400-6253,RamonaMGilmore@mailinator.com
Hernandez,Charles,2527 Despard Street,404-756-5539,CharlesEHernandez@trashymail.com
Smith,Ricky,153 Sunrise Road,702-943-0631,RickyMSmith@trashymail.com
Simoneau,Samantha,4331 Grim Avenue,619-668-0463,SamanthaLSimoneau@mailinator.com
Long,Nicholas,2253 Dancing Dove Lane,347-439-2860,NicholasALong@dodgit.com
Schwenk,Bert,1501 Hott Street,405-631-1213,BertLSchwenk@pookmail.com
Schober,Efrain,3559 Franklin Avenue,361-983-4663,EfrainASchober@pookmail.com
Auguste,Joshua,530 Elsie Drive,603-989-7219,JoshuaAAuguste@trashymail.com
Tucker,Kara,103 Cecil Street,312-234-9586,KaraWTucker@mailinator.com
Pope,Dale,41 Clousson Road,713-205-4429,DaleJPope@trashymail.com
Maddox,Kevin,1985 Science Center Drive,208-534-9755,KevinEMaddox@spambob.com
Blackburn,Latoya,4205 Bubby Drive,512-377-0646,LatoyaTBlackburn@dodgit.com
Creel,Colleen,1569 Virginia Street,773-576-0607,ColleenLCreel@spambob.com
Gilbert,Robert,3869 Rocket Drive,612-998-9188,RobertGGilbert@spambob.com
Root,Ramona,4642 Saint James Drive,717-424-4618,RamonaDRoot@trashymail.com
Lucas,Gussie,3041 Duncan Avenue,917-601-1927,GussieDLucas@pookmail.com
Holland,Jennifer,3992 Mayo Street,859-653-9113,JenniferRHolland@spambob.com
Aguirre,Olivia,3309 Hott Street,405-702-0072,OliviaDAguirre@pookmail.com
Levesque,Reginald,1871 Kinney Street,413-498-9730,ReginaldBLevesque@spambob.com
Boyd,Martin,4425 Central Avenue,201-346-1763,MartinTBoyd@dodgit.com
Sheridan,Carrie,3859 Simpson Avenue,717-957-5208,CarrieJSheridan@dodgit.com
Harman,Jane,3974 Jarvisville Road,516-954-3020,JaneGHarman@spambob.com
Cano,Kaitlin,2791 Eagle Lane,218-749-6755,KaitlinRCano@dodgit.com
Charles,Terry,4763 C Street,508-324-4179,TerryJCharles@mailinator.com
Winbush,Danny,482 Scenic Way,217-748-4052,DannyJWinbush@pookmail.com
Hensley,Tammy,4990 Twin House Lane,417-381-6140,TammyTHensley@spambob.com
Elliott,Travis,3066 Sun Valley Road,509-744-7134,TravisKElliott@pookmail.com
Phillips,Karen,3736 Mount Tabor,914-498-4803,KarenCPhillips@pookmail.com
Collier,Kenneth,2391 Andell Road,614-891-1311,KennethACollier@pookmail.com
Harmon,John,4824 Glendale Avenue,818-655-1291,JohnCHarmon@pookmail.com
Breault,Darrin,1214 McKinley Avenue,303-826-7509,DarrinJBreault@mailinator.com
Watson,Ronald,4771 Cerullo Road,502-361-8473,RonaldWWatson@trashymail.com
Overstreet,Roger,4470 Quincy Street,267-435-2617,RogerCOverstreet@mailinator.com
Woodruff,Mary,876 Parrish Avenue,830-993-1249,MaryLWoodruff@dodgit.com
Benjamin,Nicholas,4580 Heritage Road,559-772-2433,NicholasABenjamin@trashymail.com
Lowenthal,Tasha,2658 Ingram Road,336-659-8502,TashaRLowenthal@spambob.com
Williams,Angelo,3367 Brannon Street,213-351-6745,AngeloMWilliams@pookmail.com
Atkins,Rachel,803 Neville Street,812-607-2444,RachelKAtkins@mailinator.com
Thornton,Virginia,3002 Late Avenue,580-748-5013,VirginiaWThornton@dodgit.com
Herr,Debra,1100 Jail Drive,310-218-1847,DebraDHerr@spambob.com
Owen,Erma,1931 Kooter Lane,704-442-3593,ErmaROwen@mailinator.com
Mendoza,Joyce,3437 Green Avenue,510-818-9708,JoyceDMendoza@spambob.com
Foy,James,1454 John Calvin Drive,708-883-9000,JamesDFoy@mailinator.com
Vansickle,Jeremy,4880 Big Indian,504-547-4725,JeremyEVansickle@mailinator.com
Carson,Sandra,2224 Smithfield Avenue,806-679-3901,SandraBCarson@spambob.com
Bacon,Peter,2217 Selah Way,802-625-1755,PeterKBacon@spambob.com
Corey,Jose,1328 Fire Access Road,336-847-4173,JoseECorey@trashymail.com
Johnson,Richard,275 Hudson Street,973-993-0008,RichardEJohnson@dodgit.com
Logan,Gregory,516 Richland Avenue,281-260-1317,GregoryPLogan@pookmail.com
Berggren,Florence,3751 Cerullo Road,502-405-5527,FlorenceLBerggren@mailinator.com
Ramey,Edward,4786 Frosty Lane,607-755-6093,EdwardGRamey@trashymail.com
Girouard,Cody,3985 Cody Ridge Road,580-516-1577,CodyKGirouard@pookmail.com
Martinez,Karen,4398 Nicholas Street,785-340-5019,KarenJMartinez@mailinator.com
Davis,Shirley,2449 Lochmere Lane,860-392-5038,ShirleyRDavis@pookmail.com
Grimm,Leslie,2172 Fairfield Road,262-623-0798,LeslieHGrimm@dodgit.com
Ruiz,Alison,3822 Ray Court,910-325-9204,AlisonRRuiz@trashymail.com
Lloyd,Frank,778 Bolman Court,217-321-7814,FrankMLloyd@spambob.com
Griego,David,665 Poling Farm Road,402-356-8723,DavidPGriego@pookmail.com
Drake,Cynthia,3606 Long Street,352-281-6925,CynthiaWDrake@mailinator.com
Thomas,Victor,2255 Wolf Pen Road,650-359-8867,VictorMThomas@trashymail.com
Mecham,Gregory,1775 Upton Avenue,207-865-9019,GregoryJMecham@dodgit.com
Lewis,Jose,1126 Still Pastures Drive,803-505-0239,JoseSLewis@spambob.com
Stanton,Colleen,2487 Winding Way,401-578-2734,ColleenGStanton@dodgit.com
Jackson,Roderick,3664 Blackwell Street,907-438-1511,RoderickKJackson@dodgit.com
Smith,Doug,1932 Green Hill Road,479-214-2433,DougESmith@mailinator.com
Montelongo,Heather,2749 Harper Street,270-493-7124,HeatherJMontelongo@mailinator.com
Thomas,Thomas,113 Lake Road,609-409-1783,ThomasCThomas@mailinator.com
Malcom,Emily,4089 Tenmile,757-890-9035,EmilyFMalcom@pookmail.com
Ragland,Chad,4903 Butternut Lane,618-543-2663,ChadARagland@mailinator.com
Rogers,Francisco,4629 Duke Lane,732-746-2801,FranciscoARogers@pookmail.com
Clayton,Allison,2106 Centennial Farm Road,712-562-9888,AllisonDClayton@spambob.com
Long,Alvin,4764 Waldeck Street,817-404-7740,AlvinTLong@pookmail.com
Metcalf,Ross,3313 Caldwell Road,585-303-0167,RossPMetcalf@dodgit.com
Chisolm,Carolyn,3957 Boring Lane,415-692-2066,CarolynTChisolm@pookmail.com
Brown,James,1304 Freshour Circle,210-244-5578,JamesMBrown@pookmail.com
Basil,Emma,4191 Charmaine Lane,806-638-6294,EmmaKBasil@trashymail.com
Grace,George,721 Moonlight Drive,609-602-8327,GeorgeMGrace@spambob.com
Red,Christine,4610 Spirit Drive,386-627-5217,ChristineHRed@trashymail.com
Bennett,Dennis,4870 Geraldine Lane,646-289-3022,DennisMBennett@mailinator.com
Russell,Christopher,3759 Meadowbrook Mall Road,310-863-0151,ChristopherPRussell@pookmail.com
Schmidt,Thomas,3358 Poplar Lane,305-576-7244,ThomasASchmidt@mailinator.com
Bumpus,Joseph,3965 Sigley Road,785-631-8016,JosephKBumpus@spambob.com
McCarthy,James,797 Hillview Drive,706-979-7550,JamesJMcCarthy@pookmail.com
Gibson,Inez,168 Hickory Ridge Drive,702-774-9704,InezSGibson@pookmail.com
Cain,Andrew,4425 North Avenue,402-845-3106,AndrewJCain@dodgit.com
Young,Jay,325 Walnut Drive,701-403-8372,JayLYoung@spambob.com
Curley,Bessie,3483 Cottonwood Lane,616-225-8340,BessieJCurley@dodgit.com
Whitcomb,Andrew,3490 Tipple Road,215-706-0377,AndrewJWhitcomb@spambob.com
Hess,Kristine,2268 Spring Street,217-868-9070,KristineAHess@pookmail.com
Goff,Carol,3155 Hickman Street,630-521-9298,CarolLGoff@mailinator.com
Delcastillo,Thomas,3493 Argonne Street,302-285-3667,ThomasADelcastillo@mailinator.com
Sumner,Norman,2921 Sunset Drive,870-704-0074,NormanCSumner@pookmail.com
Burdick,Xiomara,1737 Angus Road,212-447-8469,XiomaraRBurdick@mailinator.com
Hood,William,3125 Bobcat Drive,248-227-2286,WilliamEHood@mailinator.com
Ponce,Alberta,812 Hill Haven Drive,253-967-4530,AlbertaTPonce@mailinator.com
Mann,Alberto,181 Mattson Street,503-414-5267,AlbertoMMann@trashymail.com
Halliburton,Minnie,4855 Ritter Street,256-233-6637,MinnieDHalliburton@pookmail.com
Bessette,Ian,1875 Calvin Street,443-375-8326,IanBBessette@dodgit.com
Rashid,Joseph,779 Austin Secret Lane,435-454-6209,JosephKRashid@spambob.com
Nunes,Steven,1272 Allison Avenue,757-529-7108,StevenKNunes@mailinator.com
Long,Jerry,2424 Franklin Street,334-742-7489,JerryALong@spambob.com
Taylor,Jane,3186 Joseph Street,262-745-2103,JaneJTaylor@spambob.com
Peek,Sara,3420 Loving Acres Road,816-914-5575,SaraEPeek@pookmail.com
Jones,Mary,2437 Still Pastures Drive,803-433-3909,MaryEJones@trashymail.com
Gould,Gayle,91 Birch Street,317-815-9895,GayleRGould@dodgit.com
Broughton,Julia,864 Tipple Road,215-759-8310,JuliaPBroughton@spambob.com
Larock,David,743 Walnut Avenue,201-521-3878,DavidELarock@trashymail.com
Lewis,Dorothy,1029 Pike Street,858-586-2807,DorothyBLewis@trashymail.com
Smith,Joaquin,2949 Barrington Court,870-553-4076,JoaquinMSmith@trashymail.com
McClain,Pedro,2038 Golden Street,305-661-0931,PedroBMcClain@dodgit.com
Lessard,Albert,4122 Camel Back Road,918-616-3118,AlbertVLessard@pookmail.com
Harper,Robert,1454 Newton Street,320-377-4803,RobertTHarper@dodgit.com
Ray,Gladys,4585 Dovetail Estates,580-855-1096,GladysBRay@mailinator.com
Garden,Vickie,1826 Ventura Drive,831-324-6829,VickieRGarden@dodgit.com
Kruse,Michael,3778 Chandler Drive,417-613-8441,MichaelDKruse@pookmail.com
Richie,John,2568 Despard Street,404-767-9246,JohnTRichie@spambob.com
Griffin,Oscar,997 White River Way,801-480-3506,OscarCGriffin@mailinator.com
Rubin,Angela,610 Gandy Street,315-256-3483,AngelaHRubin@trashymail.com
Matis,Matthew,4840 James Martin Circle,614-332-4939,MatthewEMatis@mailinator.com
Kaplan,Maria,4227 Half and Half Drive,559-888-1840,MariaJKaplan@trashymail.com
Perales,Nora,1228 Kennedy Court,774-288-2075,NoraAPerales@dodgit.com
Irons,Amanda,681 Sycamore Road,541-454-9867,AmandaWIrons@trashymail.com
Cole,Nellie,925 Adams Avenue,301-687-8127,NellieDCole@pookmail.com
Andrew,James,2830 Lightning Point Drive,901-578-1261,JamesMAndrew@dodgit.com
Albarran,Lottie,3662 West Fork Drive,954-407-0471,LottieTAlbarran@trashymail.com
Stevens,Pasquale,3935 Howard Street,616-443-4257,PasqualeBStevens@trashymail.com
Ramirez,Garry,3933 Shady Pines Drive,270-993-2867,GarryLRamirez@spambob.com
Seward,Matthew,2134 Stiles Street,412-528-7720,MatthewMSeward@dodgit.com
Simmons,Thomas,3786 Radford Street,502-332-8637,ThomasSSimmons@mailinator.com
Fussell,Laurie,980 Augusta Park,304-820-5777,LaurieJFussell@trashymail.com
Padilla,Carroll,846 Gerald L. Bates Drive,617-780-8087,CarrollRPadilla@pookmail.com
Decker,Jerry,1218 Seneca Drive,503-918-2996,JerryKDecker@trashymail.com
Williams,John,1042 Haven Lane,517-694-8598,JohnAWilliams@mailinator.com
Johnson,Meredith,3736 Ottis Street,405-351-3964,MeredithMJohnson@trashymail.com
Kelly,Angela,458 Mount Street,989-530-5587,AngelaJKelly@dodgit.com
Neri,Robert,1431 Preston Street,620-908-4025,RobertJNeri@pookmail.com
Olea,Paul,4428 Robinson Lane,740-375-5247,PaulCOlea@mailinator.com
Vincent,Deanna,4407 New Creek Road,256-952-0186,DeannaJVincent@mailinator.com
Fisher,Edward,433 Fairmont Avenue,660-333-7617,EdwardJFisher@dodgit.com
Word,Elaine,1950 Harper Street,270-454-5106,ElaineEWord@trashymail.com
Marquez,Erin,124 Edwards Street,252-762-1538,ErinMMarquez@spambob.com
Jackson,Paula,3621 Spring Haven Trail,973-682-0804,PaulaBJackson@mailinator.com
Butler,Misty,1608 Hilltop Drive,806-338-7665,MistyJButler@dodgit.com
Stookey,Aubrey,1538 Sardis Sta,817-590-4493,AubreyTStookey@mailinator.com
Martin,Lamont,1514 Ashcraft Court,619-467-9054,LamontSMartin@trashymail.com
Robins,Ollie,3437 Robinson Lane,740-429-9951,OllieGRobins@pookmail.com
Johnson,Mary,1908 Woodhill Avenue,410-780-4904,MaryRJohnson@trashymail.com
Matthews,Rose,4520 Nash Street,313-259-1568,RoseTMatthews@spambob.com
Hume,William,2397 Kelley Road,228-324-4606,WilliamGHume@dodgit.com
Hutton,Lillie,3939 Fincham Road,760-498-3399,LillieDHutton@mailinator.com
Parke,Kenneth,2158 Rose Street,708-231-6830,KennethCParke@dodgit.com
Alexander,Dinah,2038 Echo Lane,269-803-1754,DinahPAlexander@spambob.com
Wagner,James,523 Clifford Street,510-725-7742,JamesIWagner@spambob.com
Fernandez,Katherine,3776 North Street,435-232-8664,KatherineLFernandez@trashymail.com
Taylor,Patricia,240 Edington Drive,678-763-3621,PatriciaATaylor@mailinator.com
Davis,Timothy,1494 Burnside Avenue,435-665-5901,TimothyMDavis@dodgit.com
Olander,Kevin,4784 Hillside Drive,337-923-3951,KevinBOlander@dodgit.com
Monaghan,Kandace,4952 Bubby Drive,512-382-2440,KandaceSMonaghan@pookmail.com
Summerfield,Paul,3262 Stutler Lane,814-480-5784,PaulASummerfield@mailinator.com
Richardson,Refugio,3990 Traders Alley,816-428-4872,RefugioCRichardson@mailinator.com
Sauls,Celina,444 Sunny Glen Lane,216-861-4735,CelinaRSauls@mailinator.com
Scott,Betty,796 Walnut Avenue,201-472-1333,BettyNScott@mailinator.com
Russell,Carmen,4461 Bungalow Road,402-968-8641,CarmenJRussell@spambob.com
Brewer,Rachel,4545 Centennial Farm Road,712-769-7711,RachelJBrewer@spambob.com
Weaver,Carol,3675 Ocello Street,619-885-7156,CarolRWeaver@trashymail.com
Woodruff,Stan,1691 Clement Street,404-463-9296,StanLWoodruff@trashymail.com
Lopez,Sergio,1303 Archwood Avenue,307-857-9457,SergioDLopez@pookmail.com
Davis,Kenneth,1751 Saint Clair Street,662-585-4718,KennethJDavis@pookmail.com
Jordan,Theresa,1162 American Drive,856-220-1274,TheresaJJordan@trashymail.com
Wilkerson,Kenneth,1996 Doctors Drive,310-383-9352,KennethMWilkerson@spambob.com
Lara,Thomas,2877 Strother Street,205-669-6811,ThomasDLara@pookmail.com
Johnson,Mitchell,3490 Oak Ridge Drive,573-557-1928,MitchellJJohnson@spambob.com
Schutte,Deborah,387 Charmaine Lane,806-445-7529,DeborahPSchutte@pookmail.com
Dinardo,Rebecca,4129 Twin House Lane,417-452-2966,RebeccaRDinardo@dodgit.com
Chavis,Lucille,484 Joyce Street,251-979-3436,LucilleMChavis@spambob.com
Silva,Nicole,3202 Martha Ellen Drive,775-755-5956,NicoleRSilva@pookmail.com
Sierra,Angela,2649 Caynor Circle,908-519-7769,AngelaMSierra@trashymail.com
Stevens,Caleb,3040 Stuart Street,724-398-6455,CalebCStevens@pookmail.com
Jones,Nicole,3549 Haymond Rocks Road,541-528-7508,NicoleJJones@spambob.com
Robinson,Joan,4951 Pearl Street,916-319-3113,JoanCRobinson@spambob.com
Davis,Brenda,4881 Pickens Way,903-383-1409,BrendaSDavis@mailinator.com
Grube,Jeff,4618 Linda Street,267-869-5729,JeffCGrube@pookmail.com
Johnson,Alice,1741 Seth Street,325-510-5312,AliceBJohnson@dodgit.com
Muncy,Louis,1823 Doe Meadow Drive,301-561-0116,LouisCMuncy@spambob.com
Smith,Jeanette,1546 Seltice Way,208-771-3109,JeanetteTSmith@dodgit.com
Murr,Jake,3824 Woodside Circle,850-883-1750,JakeLMurr@pookmail.com
Turk,Kimberly,4589 Cedar Lane,617-652-0112,KimberlyBTurk@dodgit.com
Erickson,Ronald,3226 Hill Street,419-790-2534,RonaldMErickson@spambob.com
Welsh,Samuel,1039 Prudence Street,313-310-4543,SamuelIWelsh@spambob.com
Steele,Ramona,3262 Whiteman Street,609-880-6351,RamonaPSteele@dodgit.com
Adkins,Angela,2207 Harley Vincent Drive,440-668-1778,AngelaDAdkins@dodgit.com
Dorrough,Cora,13 August Lane,318-410-5942,CoraFDorrough@spambob.com
Hardt,Kimberly,1699 Veltri Drive,906-934-2908,KimberlyJHardt@mailinator.com
Burgess,Stephen,2753 Maloy Court,785-470-6045,StephenPBurgess@pookmail.com
Billington,Douglas,4689 Aviation Way,213-863-6166,DouglasRBillington@pookmail.com
Speer,Leslie,2665 Atha Drive,661-724-4148,LeslieGSpeer@trashymail.com
Jackson,Frank,1252 Coventry Court,228-233-4394,FrankRJackson@trashymail.com
Heroux,Nathan,4369 Clair Street,254-728-2208,NathanJHeroux@mailinator.com
Parmer,Elfriede,4952 Cherry Ridge Drive,585-813-8725,ElfriedeNParmer@dodgit.com
Silveira,George,1239 Courtright Street,701-527-4430,GeorgeBSilveira@spambob.com
Pless,Corey,3104 Stanton Hollow Road,781-522-5311,CoreyYPless@dodgit.com
Harrell,James,880 Tail Ends Road,920-539-7186,JamesPHarrell@pookmail.com
Burton,Edward,3935 Tree Top Lane,610-218-9251,EdwardMBurton@dodgit.com
Davis,Kevin,2550 Court Street,636-677-1694,KevinNDavis@pookmail.com
Jeon,Suzanne,4284 Pickens Way,903-295-7647,SuzanneSJeon@dodgit.com
Parker,Shawn,3118 Hawks Nest Lane,314-707-3665,ShawnGParker@mailinator.com
Speed,Debra,3362 Goldie Lane,513-345-7565,DebraRSpeed@trashymail.com
Jackson,Marion,397 Peaceful Lane,216-444-7194,MarionBJackson@spambob.com
Ohearn,James,3523 Glenview Drive,361-575-0603,JamesLOhearn@trashymail.com
Brown,Norma,345 Hamill Avenue,858-278-2363,NormaCBrown@pookmail.com
Bagley,Tracy,2436 Scenicview Drive,430-974-9934,TracyPBagley@trashymail.com
Rubio,Wayne,801 Frederick Street,916-268-9844,WayneCRubio@mailinator.com
Long,Maria,913 Poplar Lane,305-535-4640,MariaPLong@spambob.com
Boone,Forrest,4942 Whitman Court,203-620-9555,ForrestMBoone@trashymail.com
Sutton,Susan,2884 Byrd Lane,505-246-7908,SusanRSutton@trashymail.com
Johnson,Harry,2224 Lords Way,731-692-4176,HarryLJohnson@trashymail.com
Roundtree,Mark,3002 Rocket Drive,612-836-0804,MarkJRoundtree@mailinator.com
Wright,Maria,2169 Snider Street,719-963-6187,MariaJWright@mailinator.com
Martin,Nicholas,1698 Willison Street,763-279-2833,NicholasSMartin@dodgit.com
Osgood,Juan,3154 Weekley Street,210-412-6332,JuanJOsgood@pookmail.com
Peters,Margarita,1510 Robinson Lane,740-375-0628,MargaritaEPeters@mailinator.com
Griffin,Mario,152 Harley Vincent Drive,440-665-4159,MarioMGriffin@mailinator.com
Linderman,Christine,609 Walton Street,801-387-9515,ChristineWLinderman@pookmail.com
Dowdy,Anita,568 Morris Street,830-276-1171,AnitaEDowdy@trashymail.com
Kiger,Craig,1557 Oakridge Lane,478-226-0404,CraigAKiger@mailinator.com
Pratt,Derek,1101 Cameron Road,716-366-1883,DerekJPratt@spambob.com
Traxler,Blanca,1805 North Avenue,402-787-4033,BlancaFTraxler@spambob.com
White,Alice,1547 Red Dog Road,704-290-4359,AliceRWhite@pookmail.com
Beane,Edwin,4600 Diane Street,805-465-7700,EdwinMBeane@dodgit.com
Brinton,Earnest,1886 Bassell Avenue,501-666-4981,EarnestGBrinton@trashymail.com
Billy,Herbert,487 Hall Valley Drive,304-696-4811,HerbertDBilly@mailinator.com
Campos,Christopher,3637 Saints Alley,813-754-2553,ChristopherMCampos@mailinator.com
Stork,Troy,72 John Calvin Drive,708-917-3443,TroySStork@mailinator.com
Pugh,Ruth,1705 Pike Street,858-538-0864,RuthCPugh@trashymail.com
Powers,Irene,4276 Clair Street,254-652-8114,IreneTPowers@spambob.com
Emmons,Lyle,4798 Yorkie Lane,912-925-8907,LyleCEmmons@mailinator.com
Morin,Elizabeth,2227 Juniper Drive,989-832-8760,ElizabethSMorin@trashymail.com
Retzlaff,William,4002 Big Indian,504-684-6278,WilliamWRetzlaff@dodgit.com
Allen,Arthur,3680 Lyndon Street,610-754-7695,ArthurMAllen@spambob.com
Conwell,Jasmine,1284 Pineview Drive,507-896-2675,JasmineCConwell@pookmail.com
Tschida,Marie,2485 Timberbrook Lane,970-326-6143,MarieRTschida@spambob.com
Bugg,Anthony,4549 Rodney Street,636-443-3618,AnthonyLBugg@trashymail.com
Johnson,David,1717 Tail Ends Road,920-526-8829,DavidKJohnson@trashymail.com
Rose,Rolando,665 Oakway Lane,818-352-3939,RolandoBRose@dodgit.com
Howard,Linda,949 Boring Lane,415-737-6619,LindaAHoward@spambob.com
Woods,Bryan,2651 Tail Ends Road,920-605-6298,BryanSWoods@mailinator.com
Gore,Chester,1970 Fulton Street,304-392-9176,ChesterMGore@trashymail.com
Huizenga,John,3910 Wiseman Street,865-406-1572,JohnLHuizenga@trashymail.com
Hahn,Johnnie,1844 Tori Lane,801-632-7636,JohnnieRHahn@mailinator.com
Knight,Michael,4648 Buckhannan Avenue,315-425-2062,MichaelEKnight@mailinator.com
Caron,Jeanne,181 Late Avenue,580-718-7072,JeanneKCaron@mailinator.com
Harmon,Jason,2939 Bates Brothers Road,614-309-0213,JasonRHarmon@trashymail.com
Polansky,Nancy,2628 Flint Street,678-216-9561,NancyTPolansky@pookmail.com
Noble,Michelle,394 Ashton Lane,512-456-4739,MichelleRNoble@trashymail.com
Harris,Kelly,2718 Thunder Road,650-466-6268,KellyMHarris@mailinator.com
Feldt,Glenda,965 Armory Road,910-738-4292,GlendaEFeldt@pookmail.com
King,Daisy,135 Fairfax Drive,909-249-1963,DaisyMKing@trashymail.com
Tijerina,James,4314 Bicetown Road,917-334-6177,JamesKTijerina@spambob.com
Thurmond,James,1355 Biddie Lane,804-638-7353,JamesJThurmond@spambob.com
Craig,Ralph,3759 Pike Street,858-623-5464,RalphNCraig@spambob.com
Feeley,Ernest,2354 Holly Street,706-225-7117,ErnestAFeeley@trashymail.com
McCormick,Beth,4768 Sardis Station,612-356-6566,BethEMcCormick@mailinator.com
Brock,Jennifer,1924 Brooklyn Street,541-232-2951,JenniferJBrock@trashymail.com
Boudreaux,Caroline,3088 Murphy Court,951-925-1490,CarolineLBoudreaux@trashymail.com
Croxton,Charles,1017 Everette Alley,954-801-4984,CharlesSCroxton@dodgit.com
Parker,Carlos,4129 Pheasant Ridge Road,215-483-0903,CarlosNParker@spambob.com
Aronson,Katharine,3016 Charla Lane,972-686-1094,KatharineRAronson@pookmail.com
Wagner,Edgar,400 Buffalo Creek Road,615-812-0796,EdgarEWagner@dodgit.com
Anderson,Ernest,1964 Hartway Street,605-729-4463,ErnestMAnderson@pookmail.com
Raper,John,1238 Red Dog Road,704-269-5778,JohnSRaper@pookmail.com
Clark,Anthony,1420 Whitetail Lane,469-229-3453,AnthonyLClark@pookmail.com
Dawson,Al,4054 Hardesty Street,518-408-9501,AlCDawson@dodgit.com
Clukey,My,4825 Carolyns Circle,214-735-0562,MyPClukey@spambob.com
Setzer,Thomas,4283 Elk Creek Road,770-519-9469,ThomasASetzer@trashymail.com
Boyer,Christa,4087 Red Hawk Road,321-206-5261,ChristaCBoyer@mailinator.com
Adamczyk,Warren,1699 Heather Sees Way,918-791-3464,WarrenJAdamczyk@mailinator.com
Spiller,Chantel,2653 Eagles Nest Drive,530-695-3266,ChantelRSpiller@trashymail.com
Gallagher,Eva,2090 Marie Street,410-878-4039,EvaMGallagher@trashymail.com
Rodriguez,Melissa,4969 Pearl Street,916-338-3771,MelissaERodriguez@dodgit.com
Fish,Diane,880 Cardinal Lane,217-229-0585,DianeJFish@mailinator.com
Perkins,Jerome,3942 Brooklyn Street,540-941-7460,JeromeTPerkins@trashymail.com
Parker,Julian,4309 Locust Court,562-407-3547,JulianMParker@dodgit.com
Hale,Ruby,393 West Virginia Avenue,518-972-7083,RubyHHale@pookmail.com
Montgomery,Susan,3673 Clearview Drive,303-739-9795,SusanMMontgomery@dodgit.com
Curry,Craig,1850 Stark Hollow Road,970-859-4565,CraigMCurry@trashymail.com
Witherspoon,Ebony,140 Illinois Avenue,503-756-7560,EbonyJWitherspoon@dodgit.com
Wilson,Bessie,2266 Raver Croft Drive,423-704-5062,BessieMWilson@dodgit.com
Cherry,Linda,1853 Edgewood Road,901-219-6530,LindaPCherry@trashymail.com
Moore,May,3610 Pike Street,858-558-7833,MayTMoore@pookmail.com
Wilson,Ana,53 Still Street,419-694-7102,AnaKWilson@pookmail.com
Steinbeck,Betty,374 Park Street,925-385-2772,BettyPSteinbeck@pookmail.com
Hanson,Ellen,2219 Hidden Valley Road,717-274-2237,EllenJHanson@trashymail.com
Riojas,Wilma,2401 Morgan Street,850-459-1761,WilmaJRiojas@pookmail.com
Czapla,Isabelle,2096 Douglas Dairy Road,276-494-2605,IsabelleMCzapla@spambob.com
Green,Alison,3830 Hillcrest Circle,763-544-6808,AlisonLGreen@trashymail.com
Daniels,Bertha,676 Coal Street,814-279-0363,BerthaMDaniels@dodgit.com
Sabo,Joseph,1105 Fraggle Drive,630-328-6265,JosephTSabo@dodgit.com
Dismuke,Marc,533 Parkway Drive,520-424-2483,MarcTDismuke@dodgit.com
Jamison,Osvaldo,1998 Franklee Lane,484-603-1261,OsvaldoLJamison@dodgit.com
Davis,Catherine,1794 Bicetown Road,917-390-9899,CatherineSDavis@trashymail.com
Pettit,Erica,3583 White River Way,801-459-7456,EricaEPettit@spambob.com
Kelly,Maria,1796 Feathers Hooves Drive,631-695-0750,MariaJKelly@pookmail.com
Saenz,Carla,4301 Gambler Lane,281-955-7931,CarlaTSaenz@pookmail.com
Foster,Howard,1336 Beechwood Drive,410-967-2036,HowardLFoster@dodgit.com
Williams,Renee,880 Hidden Meadow Drive,701-754-4831,ReneeMWilliams@pookmail.com
Hardesty,Willie,2933 Tipple Road,215-714-9540,WillieJHardesty@trashymail.com
Swan,Letha,104 Powder House Road,561-685-7522,LethaDSwan@trashymail.com
Burns,Annette,3185 Saint Francis Way,267-207-7205,AnnettePBurns@mailinator.com
Carnahan,Fred,2480 Jefferson Street,757-838-5315,FredLCarnahan@spambob.com
Woolsey,Timothy,3228 Davis Court,618-876-7416,TimothyLWoolsey@dodgit.com
Irizarry,Charleen,739 Kelly Street,704-878-0784,CharleenKIrizarry@trashymail.com
Hunter,Wilda,2718 Airplane Avenue,860-846-8533,WildaRHunter@mailinator.com
Glass,Betty,3704 Nutters Barn Lane,515-718-8970,BettyJGlass@mailinator.com
Chung,Tyler,4472 Garfield Road,309-636-5072,TylerMChung@spambob.com
Meadow,Frances,3094 Central Avenue,201-321-5132,FrancesMMeadow@pookmail.com
McDuffie,Laura,3473 Lowland Drive,815-396-5343,LauraRMcDuffie@spambob.com
Paxton,Patrick,2961 Watson Street,609-775-9548,PatrickHPaxton@trashymail.com
Ponds,Kathy,4778 Kildeer Drive,757-219-8297,KathyCPonds@spambob.com
Goff,Diana,1203 Rowes Lane,270-568-1355,DianaDGoff@trashymail.com
Haynes,Vivian,4673 Fleming Street,334-355-6129,VivianRHaynes@pookmail.com
Harvey,Ashley,2583 Preston Street,620-953-4814,AshleyCHarvey@trashymail.com
Mackay,Melissa,1635 Williams Avenue,661-314-8548,MelissaDMackay@mailinator.com
Cheney,Dawn,3325 Hillhaven Drive,323-888-7249,DawnTCheney@spambob.com
Holland,Sean,428 Park Boulevard,641-713-0859,SeanRHolland@dodgit.com
Uhlig,Barbara,1022 Elk Rd Little,520-254-0833,BarbaraKUhlig@spambob.com
Matzke,Michelle,117 Pretty View Lane,707-797-9559,MichelleAMatzke@mailinator.com
Chandler,Jonathan,2505 Hinkle Deegan Lake Road,607-229-9025,JonathanMChandler@dodgit.com
Spielman,James,606 Watson Lane,830-205-2840,JamesVSpielman@pookmail.com
Jones,Tom,2744 McDonald Avenue,407-932-7658,TomKJones@spambob.com
Roth,Ervin,1376 Mulberry Lane,561-740-9590,ErvinARoth@trashymail.com
Lewis,Stacy,686 Emily Drive,803-899-6318,StacyFLewis@trashymail.com
Gregory,James,1022 Patterson Street,713-345-4364,JamesDGregory@spambob.com
Keltner,Alta,4025 Deer Ridge Drive,973-597-4514,AltaEKeltner@mailinator.com
Rice,Constance,4762 Ashwood Drive,712-328-9636,ConstanceWRice@spambob.com
Roessler,Joseph,1434 Wiseman Street,865-363-6177,JosephSRoessler@spambob.com
Wilkinson,Connie,3921 Sardis Sta,817-624-3136,ConnieMWilkinson@trashymail.com
Abram,Matthew,800 Birch Street,317-844-1875,MatthewJAbram@mailinator.com
Watanabe,Patricia,2853 Marie Street,410-868-2992,PatriciaLWatanabe@spambob.com
Smothers,Todd,2853 Davis Court,618-882-7336,ToddCSmothers@spambob.com
Tregre,Phillip,597 Station Street,510-967-9815,PhillipCTregre@spambob.com
Fisher,William,4522 Matthews Street,815-639-2269,WilliamBFisher@mailinator.com
Munoz,Mary,4015 Prospect Street,856-677-8539,MaryFMunoz@dodgit.com
Jackson,Lester,1707 George Street,352-546-4154,LesterJJackson@dodgit.com
Stanley,Amanda,1473 Whitetail Lane,469-229-9922,AmandaJStanley@trashymail.com
Sparkman,Marcia,4930 Crummit Lane,401-922-9524,MarciaKSparkman@pookmail.com
Brown,Randy,2738 Memory Lane,815-905-0409,RandyMBrown@trashymail.com
Dancy,Arthur,2775 Barfield Lane,317-525-9838,ArthurLDancy@dodgit.com
Scanlan,Angela,2084 Pinchelone Street,757-287-2590,AngelaAScanlan@mailinator.com
Ring,Douglas,452 Ben Street,518-213-0319,DouglasMRing@dodgit.com
Zucker,Weldon,4138 Cardinal Lane,217-207-6836,WeldonCZucker@trashymail.com
Anderson,Sharon,3041 Leisure Lane,805-585-9130,SharonDAnderson@trashymail.com
Dawley,Elizabeth,1272 Tipple Road,215-768-0326,ElizabethLDawley@mailinator.com
Moore,Marcia,2843 Terry Lane,321-277-9771,MarciaMMoore@spambob.com
Gil,Roger,1612 Benedum Drive,845-268-9398,RogerHGil@pookmail.com
Wills,David,4935 Cottrill Lane,314-443-4102,DavidBWills@pookmail.com
Goodman,Julian,3643 Lyon Avenue,508-943-8475,JulianGGoodman@pookmail.com
Gomez,Frank,4481 Water Street,925-287-5652,FrankIGomez@pookmail.com
Fontaine,Timothy,1050 Hill Street,419-828-5923,TimothyAFontaine@dodgit.com
Saylor,Billy,767 Upland Avenue,419-925-1535,BillyJSaylor@mailinator.com
Drum,Serena,451 Crowfield Road,602-971-4631,SerenaCDrum@spambob.com
McLain,Fred,2599 Lincoln Drive,717-677-0148,FredJMcLain@spambob.com
Brinker,Angela,3794 Ottis Street,405-373-1634,AngelaCBrinker@spambob.com
Patterson,John,1038 Oakridge Lane,478-268-1280,JohnCPatterson@trashymail.com
Roark,Jewel,4185 Pointe Lane,954-874-0194,JewelMRoark@pookmail.com
Goldsmith,Michelle,896 Broad Street,205-486-0039,MichelleEGoldsmith@mailinator.com
Washington,Mark,1118 Boone Crockett Lane,360-473-2051,MarkJWashington@spambob.com
Ley,Cynthia,668 Big Indian,504-671-7041,CynthiaGLey@trashymail.com
Hill,Fred,1648 Carson Street,859-271-6123,FredTHill@mailinator.com
Kelleher,Patrica,3425 Clarence Court,910-254-8102,PatricaTKelleher@dodgit.com
Holloway,Joseph,1864 Stanley Avenue,516-571-5467,JosephDHolloway@spambob.com
Torres,Daniel,1325 Chapel Street,281-717-8836,DanielKTorres@mailinator.com
Halton,Louise,2264 Oak Way,402-451-0204,LouiseAHalton@pookmail.com
Boehm,James,4872 Lynn Street,617-282-4709,JamesLBoehm@pookmail.com
Vasquez,William,3464 Masonic Drive,406-552-8453,WilliamJVasquez@spambob.com
Perez,Dale,1322 Lynn Avenue,715-487-5622,DaleYPerez@pookmail.com
Brown,Chad,2702 Thomas Street,847-536-0270,ChadWBrown@pookmail.com
Sharer,Joel,4476 Rainbow Road,623-972-0195,JoelRSharer@trashymail.com
Murray,Kelly,3087 Queens Lane,434-848-2235,KellyJMurray@spambob.com
Holcomb,Rosa,1433 Boundary Street,904-608-9329,RosaOHolcomb@dodgit.com
